"CASEID","POINT_X","POINT_Y","YEAR_","LOCATION","CHPTYPE","DAYWEEK","CRASHSEV","VIOLCAT","KILLED","INJURED","WEATHER1","PEDCOL","BICCOL","MCCOL","TRUCKCOL","ETOH","TIMECAT","MONTH_","CRASHTYP","INVOLVE","PED","PRIMARYRD","SECONDRD","DISTANCE","DIRECT","INTERSECT_","PROCDATE","JURIS","DATE_","TIME_","BADGE","JURIDIST","SHIFT","POP","SPECIAL","BEATTYPE","LAPDDIV","BEATCLAS","BEATNUMB","WEATHER2","STATEHW","CALTRANC","CALTRAND","STROUTE","ROUTESUF","POSTPRE","POSTMILE","LOCATYPE","RAMP","SIDEHW","TOWAWAY","PARTIES","PCF","VIOLCODE","VIOL","VIOLSUB","HITRUN","ROADSURF","RDCOND1","RDCOND2","LIGHTING","RIGHTWAY","CHPRDTYP","NOTPRIV","STFAULT","CHPFAULT","SEVINJ","OTHERINJ","COP","PEDKILL","PEDINJ","BICKILL","BICINJ","MCKILL","MCINJURE","RAMP1","RAMP2","CITY","COUNTY","STATE","X_CHP","Y_CHP"
"90062167",0,0,2015,"3400","4","3","4","03",0,2,"A",,,,,,2100,11,"C","C","A","MADISON AVE. (W/B)","MANZANITA AVE",150,"W","N","2015-11-30",9250,"2015-11-18",1920,"016363",,"2","9","0","2",,"1","024","-","N",,0,0,,,0,,,,"Y",2,"A","-",22350,,"N","A","H","-","C","D","0","Y","A","07",0,0,2,0,0,0,0,0,0,"-","-","UNINCORPORATED","SACRAMENTO","CA",0,0
"90062147",0,0,2015,"3400","4","6","4","03",0,1,"C",,,,,,300,10,"G","G","A","MADISON AVE E/B","ROSEVILLE RD",10,"W","N","2015-11-30",9250,"2015-10-17",220,"019169",,"3","9","0","2",,"1","016","-","N",,0,0,,,0,,,,"N",2,"A","-",22350,,"F","B","H","-","C","D","0","Y","A","01",0,0,1,0,0,0,0,0,0,"-","-","UNINCORPORATED","SACRAMENTO","CA",0,0
"90062115",0,0,2015,"3401","2","5","2","05",0,1,"A",,"Y",,,,1800,11,"A","G","A","US-50 E/B","PRAIRIE CITY RD",4185,"E","N","2015-11-30",9260,"2015-11-27",1606,"016429",,"2","5","0","1",,"2","502","-","Y",,0,0,,,0,,,,"N",2,"A","-",21650,,"N","A","H","-","A","D","0","Y","L","04",1,0,0,0,0,0,1,0,0,"-","-","FOLSOM","SACRAMENTO","CA",0,0
"90061986",0,0,2015,"3400","5","1","3","08",0,1,"A",,,,,"Y",300,11,"F","J","A","DILLARD RD","SR-99",10560,"E","N","2015-11-30",9252,"2015-11-23",215,"018893",,"3","9","0","3",,"2","080","-","N",,0,0,,,0,,,,"Y",1,"A","-",22107,,"N","A","H","-","D","D","0","Y","A","01",0,1,0,0,0,0,0,0,0,"-","-","UNINCORPORATED","SACRAMENTO","CA",-121.30802,38.36435
"90061981",0,0,2015,"3400","3","7","4","12",0,1,"B",,,,,,1500,11,"D","C","A","CALVINE RD.","SR-99 OFF-RAMP",4,"E","N","2015-11-30",9252,"2015-11-22",1336,"018159",,"1","9","0","1",,"2","191","-","Y",,0,0,,,0,,,,"Y",2,"A","-",21453,"A","N","A","H","-","A","A","0","Y","D","22",0,0,1,0,0,0,0,0,0,"-","-","UNINCORPORATED","SACRAMENTO","CA",-121.40781,38.4563
"90061945",-121.2642931,38.652885,2015,"3400","4","4","4","00",0,1,"A",,,,,,1800,11,"D","C","A","FAIR OAKS BLVD","SUNSET AVE",0,,"Y","2015-11-30",9260,"2015-11-19",1745,"018705",,"2","9","0","2",,"2","305","-","N",,0,0,,,0,,,,"Y",2,"D","-",0,,"N","A","H","-","C","A","0","Y","-","-",0,0,1,0,0,0,0,0,0,"-","-","UNINCORPORATED","SACRAMENTO","CA",0,0
"90061839",0,0,2015,"3400","1","6","4","03",0,1,"A",,,,,,1800,11,"B","C","A","INTERSTATE 80 WESTBOUND","MADISON AVENUE OVERCROSSING",3000,"W","N","2015-11-30",9250,"2015-11-14",1750,"015369",,"2","9","0","1",,"2","183","-","Y",,0,0,,,0,,,,"Y",2,"A","-",22350,,"N","A","H","-","C","D","0","Y","A","01",0,0,1,0,0,0,0,0,0,"-","-","UNINCORPORATED","SACRAMENTO","CA",0,0
"90061555",0,0,2015,"3490","2","4","4","01",0,1,"A",,,,,"Y",600,11,"E","I","A","US-50 E/B","BRADSHAW RD",150,"E","N","2015-11-30",9260,"2015-11-19",315,"018705",,"3","5","0","1",,"2","501","-","Y",,0,0,,,0,,,,"Y",1,"A","-",23152,"A","M","A","H","-","C","D","0","Y","A","01",0,0,1,0,0,0,0,0,0,"-","-","RANCHO CORDOVA","SACRAMENTO","CA",-121.2008,38.3358
"90061455",-121.4087558,38.4813398,2015,"3400","4","1","3","08",0,4,"B",,,,,,900,11,"E","I","A","POWER INN RD. ","GERBER RD.",133,"S","N","2015-11-30",9252,"2015-11-09",750,"017325",,"1","9","0","2",,"2","073","C","N",,0,0,,,0,,,,"Y",1,"A","-",22107,,"N","A","H","-","A","D","0","Y","A","01",0,1,3,0,0,0,0,0,0,"-","-","UNINCORPORATED","SACRAMENTO","CA",-121.05071,38.85917
"90061347",-121.4155531,38.481665,2015,"3400","4","1","4","09",0,2,"A",,,,,,1200,10,"D","C","A","GERBER RD","PAR PKY",0,,"Y","2015-11-30",9252,"2015-10-12",1010,"019040",,"1","9","0","2",,"2","073","-","N",,0,0,,,0,,,,"Y",2,"A","-",21802,"A","N","A","H","-","A","A","0","Y","A","01",0,0,2,0,0,0,0,0,0,"-","-","UNINCORPORATED","SACRAMENTO","CA",-121.41553,38.48159
"90061321",-121.4576707,38.5249727,2015,"3400","4","3","2","01",0,2,"A",,,,,"Y",2400,11,"A","C","A","FRUITRIDGE RD","ODEA DR",108,"W","N","2015-11-30",9252,"2015-11-18",2240,"018730",,"3","9","0","2",,"1","071","-","N",,0,0,,,0,,,,"Y",2,"A","-",23152,"A","N","A","H","-","C","D","0","Y","A","07",2,0,0,0,0,0,0,0,0,"-","-","UNINCORPORATED","SACRAMENTO","CA",-121.45777,38.52493
"90061272",-121.2622931,38.6783005,2015,"3400","4","7","4","01",0,8,"A",,,,,"Y",1800,11,"C","C","A","FAIR OAKS BLVD","GREENBACK LN",100,"S","N","2015-11-30",9260,"2015-11-29",1755,"018713",,"2","9","0","2",,"2","305","-","N",,0,0,,,0,,,,"Y",5,"A","-",23152,"A","N","A","H","-","C","D","0","Y","D","22",0,0,8,0,0,0,0,0,0,"-","-","UNINCORPORATED","SACRAMENTO","CA",-121.1544,38.40411
"90060944",-121.3922331,38.625175,2015,"3400","5","6","4","21",0,1,"A",,"Y",,,,900,11,"H","G","A","MORSE AVE.","POPE AVE",0,,"Y","2015-11-30",9250,"2015-11-28",820,"015577",,"1","9","0","3",,"2","040","-","N",,0,0,,,0,,,,"N",2,"A","-",22106,,"N","A","H","-","A","A","0","Y","D","22",0,0,1,0,0,0,1,0,0,"-","-","UNINCORPORATED","SACRAMENTO","CA",0,0
"90060942",0,0,2015,"3400","4","7","3","03",0,3,"A",,,,,,1500,11,"C","C","A","ELKHORN BLVD. (W/B)","DON JULIO BLVD",100,"E","N","2015-11-30",9250,"2015-11-22",1330,"017306",,"1","9","0","2",,"1","014","-","N",,0,0,,,0,,,,"Y",2,"A","-",22350,,"N","A","H","-","A","A","0","Y","A","01",0,1,2,0,0,0,0,0,0,"-","-","UNINCORPORATED","SACRAMENTO","CA",0,0
"90060939",0,0,2015,"3400","4","5","2","11",0,1,"A","Y",,,,,900,11,"G","B","D","EL CAMINO AVE. (W/B)","BELL ST",244,"W","N","2015-11-30",9250,"2015-11-13",645,"015577",,"1","9","0","2",,"1","044","-","Y",,0,0,,,0,,,,"N",2,"A","-",21954,"A","N","A","H","-","A","D","0","Y","N","60",1,0,0,0,1,0,0,0,0,"-","-","UNINCORPORATED","SACRAMENTO","CA",0,0
"90060919",-121.328211,38.6809612,2015,"3400","4","7","3","08",0,1,"A",,,,,,600,11,"F","A","A","GREENBACK LN","INDIAN RIVER DR.",1000,"W","N","2015-11-30",9250,"2015-11-29",550,"016624",,"3","9","0","2",,"1","022","-","N",,0,0,,,0,,,,"N",1,"A","-",22107,,"N","A","H","-","C","D","0","Y","M","94",0,1,0,0,0,0,0,0,0,"-","-","UNINCORPORATED","SACRAMENTO","CA",0,0
"90060914",-121.4106831,38.623455,2015,"3400","5","6","3","12",0,1,"A",,,"Y",,,1500,11,"H","C","A","EDISON AVE","BELL ST.",0,,"Y","2015-11-30",9250,"2015-11-21",1205,"014344",,"1","9","0","3",,"2","040","-","N",,0,0,,,0,,,,"N",2,"A","-",22450,,"N","A","H","-","A","A","0","Y","A","01",0,1,0,0,0,0,0,0,1,"-","-","UNINCORPORATED","SACRAMENTO","CA",0,0
"90060912",0,0,2015,"3400","1","5","4","08",0,1,"A",,,,,,2400,11,"E","I","A","I-80 W/B","MADISON AVE",5280,"E","N","2015-11-30",9250,"2015-11-20",2230,"018791",,"3","9","0","1",,"2","183","-","Y",,0,0,,,0,,,,"Y",1,"A","-",22107,,"N","A","H","-","C","D","0","Y","A","01",0,0,1,0,0,0,0,0,0,"-","-","UNINCORPORATED","SACRAMENTO","CA",0,0
"90060910",-121.3779731,38.580625,2015,"3400","5","5","4","12",0,1,"A",,,,,,900,11,"D","C","A","LA SIERRA DR","CASTEC DR",0,,"Y","2015-11-30",9250,"2015-11-20",743,"014344",,"1","9","0","3",,"2","040","-","N",,0,0,,,0,,,,"N",2,"A","-",22450,,"N","A","H","-","A","A","0","Y","A","07",0,0,1,0,0,0,0,0,0,"-","-","UNINCORPORATED","SACRAMENTO","CA",0,0
"90060883",0,0,2015,"3400","4","5","4","08",0,1,"A",,,,,,1800,11,"C","C","A","MARCONI AVE. (W/B)","FULTON AVE",200,"E","N","2015-11-30",9250,"2015-11-27",1555,"019090",,"2","9","0","2",,"1","042","-","N",,0,0,,,0,,,,"N",3,"A","-",22107,,"N","A","H","-","A","A","0","Y","A","01",0,0,1,0,0,0,0,0,0,"-","-","UNINCORPORATED","SACRAMENTO","CA",-121.4005,38.6179
"90060868",-121.3956173,38.6062085,2015,"3400","5","2","4","08",0,1,"A",,,,,,1800,11,"A","C","A","LANDON LN","EL PRADO WAY",159,"S","N","2015-11-30",9250,"2015-11-24",1740,"016419",,"2","9","0","3",,"2","040","-","N",,0,0,,,0,,,,"Y",2,"A","-",22107,,"N","A","H","-","D","D","0","Y","A","01",0,0,1,0,0,0,0,0,0,"-","-","UNINCORPORATED","SACRAMENTO","CA",-121.3956,38.60622
"90060863",0,0,2015,"3400","1","2","4","03",0,1,"B",,,,,,1500,11,"E","I","A","MADISON AVE. E/B TO I-80 W/B","MADISON AVE.",235,"W","N","2015-11-30",9250,"2015-11-24",1251,"015866",,"1","9","0","1",,"2","183","-","Y",,0,0,,,0,,,,"Y",1,"A","-",22350,,"N","B","H","-","A","D","0","Y","A","07",0,0,1,0,0,0,0,0,0,"-","-","UNINCORPORATED","SACRAMENTO","CA",0,0
"90060855",-121.3274145,38.6618694,2015,"3400","4","1","4","09",0,1,"A",,,,,,2100,11,"D","C","A","MANZANITA AVE","MADISON AVE",424,"N","N","2015-11-30",9250,"2015-11-23",1814,"016957",,"2","9","0","2",,"1","023","-","N",,0,0,,,0,,,,"Y",2,"A","-",21801,"A","N","A","H","-","C","D","0","Y","D","22",0,0,1,0,0,0,0,0,0,"-","-","UNINCORPORATED","SACRAMENTO","CA",0,0
"90060852",-121.2942431,38.6493823,2015,"3400","5","1","3","08",0,1,"A",,"Y",,,,1500,11,"H","G","A","ISABELLA AVE","WINDING WAY",75,"N","N","2015-11-30",9250,"2015-11-23",1325,"016957",,"1","9","0","3",,"2","020","-","N",,0,0,,,0,,,,"N",2,"A","-",22107,,"N","A","H","-","A","D","0","Y","L","04",0,1,0,0,0,0,1,0,0,"-","-","UNINCORPORATED","SACRAMENTO","CA",0,0
"90060845",-121.3922032,38.6335802,2015,"3400","5","1","4","01",0,1,"A",,,,,"Y",1800,11,"C","C","A","MORSE AVE","AUBURN BLVD",20,"S","N","2015-11-30",9250,"2015-11-23",1625,"016419",,"2","9","0","3",,"2","040","-","N",,0,0,,,0,,,,"N",2,"A","-",23152,,"F","A","H","-","A","A","0","Y","D","22",0,0,1,0,0,0,0,0,0,"-","-","UNINCORPORATED","SACRAMENTO","CA",-121.39224,38.63348
"90060833",-121.466133,38.6839851,2015,"3400","4","1","3","09",0,2,"A",,,,,,1800,11,"D","C","A","ELKHORN BLVD.","W. 2ND ST.",0,,"Y","2015-11-30",9250,"2015-11-23",1617,"015866",,"2","9","0","2",,"1","064","-","N",,0,0,,,0,,,,"Y",2,"A","-",21801,"A","N","A","H","-","A","D","0","Y","D","22",0,1,1,0,0,0,0,0,0,"-","-","UNINCORPORATED","SACRAMENTO","CA",0,0
"90060818",-121.4061031,38.596065,2015,"3400","4","6","4","09",0,3,"A",,,"Y",,,1800,11,"F","C","A","ARDEN WAY","WRIGHT ST",0,,"Y","2015-11-30",9250,"2015-11-21",1700,"019133",,"2","9","0","2",,"1","046","-","N",,0,0,,,0,,,,"N",2,"A","-",21802,"A","N","A","H","-","C","D","0","Y","A","07",0,0,3,0,0,0,0,0,1,"-","-","UNINCORPORATED","SACRAMENTO","CA",-121.40613,38.59609
"90060800",-121.4014464,38.5947535,2015,"3400","4","6","3","03",0,4,"A",,,,,,1800,11,"C","C","A","FULTON AVE","ARDEN WAY",445,"S","N","2015-11-30",9250,"2015-11-21",1505,"019133",,"2","9","0","2",,"1","043","-","N",,0,0,,,0,,,,"Y",2,"A","-",22350,,"N","A","H","-","A","D","0","Y","A","01",0,1,3,0,0,0,0,0,0,"-","-","UNINCORPORATED","SACRAMENTO","CA",-121.40158,38.5947
"90060797",-121.3466531,38.718295,2015,"3400","5","6","3","09",0,2,"A",,,,,,2100,11,"D","C","A","DON JULIO BLVD","HEARTLAND DR",0,,"Y","2015-11-30",9250,"2015-11-21",1800,"019069",,"2","9","0","3",,"2","010","-","N",,0,0,,,0,,,,"Y",2,"A","-",21453,"C","N","A","H","-","C","A","0","Y","A","01",0,2,0,0,0,0,0,0,0,"-","-","UNINCORPORATED","SACRAMENTO","CA",-121.2047,34.436
"90060761",-121.5937643,38.6834291,2015,"3400","5","6","4","05",0,2,"A",,,,,,1200,11,"A","C","A","EARHART DR","AIRPORT BLVD. EAST",420,"W","N","2015-11-30",9250,"2015-11-21",1147,"018374",,"1","9","0","3",,"2","090","-","N",,0,0,,,0,,,,"Y",2,"A","-",21650,,"N","A","H","-","A","D","0","Y","D","22",0,0,2,0,0,0,0,0,0,"-","-","UNINCORPORATED","SACRAMENTO","CA",0,0
"90060746",0,0,2015,"3400","1","6","4","03",0,1,"A",,,,,,1200,11,"C","C","A","I-5 N/B","AIRPORT BLVD",200,"S","N","2015-11-30",9250,"2015-11-21",950,"018374",,"1","9","0","1",,"2","105","-","Y",,0,0,,,0,,,,"Y",2,"A","-",22350,,"N","A","H","-","A","D","0","Y","A","01",0,0,1,0,0,0,0,0,0,"-","-","UNINCORPORATED","SACRAMENTO","CA",0,0
"90060742",-121.3644931,38.713345,2015,"3400","4","6","3","05",0,1,"A",,"Y",,,,1800,11,"H","G","A","WALERGA RD","ELVERTA RD",0,,"Y","2015-11-30",9250,"2015-11-21",1720,"017818",,"2","9","0","2",,"1","013","-","N",,0,0,,,0,,,,"N",2,"A","-",21650,,"N","A","H","-","C","A","0","Y","L","04",0,1,0,0,0,0,1,0,0,"-","-","UNINCORPORATED","SACRAMENTO","CA",0,0
"90060738",0,0,2015,"3400","1","6","4","03",0,1,"A",,,,,,1500,11,"C","C","A","I-80 W/B","RALEY BLVD.",600,"W","N","2015-11-30",9250,"2015-11-21",1210,"016624",,"1","9","0","1",,"2","187","-","Y",,0,0,,,0,,,,"Y",2,"A","-",22350,,"N","A","D","-","A","D","0","Y","A","01",0,0,1,0,0,0,0,0,0,"-","-","UNINCORPORATED","SACRAMENTO","CA",0,0
"90060735",0,0,2015,"3400","1","5","4","03",0,1,"A",,,,,,2100,11,"C","C","A","I-5 SOUTHBOUND","AIRPORT BLVD",500,"N","N","2015-11-30",9250,"2015-11-20",1818,"018835",,"2","9","0","1",,"2","106","-","Y",,0,0,,,0,,,,"Y",3,"A","-",22350,,"N","A","H","-","C","D","0","Y","A","01",0,0,1,0,0,0,0,0,0,"-","-","UNINCORPORATED","SACRAMENTO","CA",-121.60361,38.67159
"90060728",-121.3358603,38.6389822,2015,"3400","5","5","4","03",0,2,"A",,,,,,2100,11,"C","C","A","CYPRESS AVE","GARFIELD AVE",255,"E","N","2015-11-30",9250,"2015-11-20",1932,"017482",,"2","9","0","3",,"2","050","-","N",,0,0,,,0,,,,"N",2,"A","-",22350,,"N","A","H","-","C","A","0","Y","A","01",0,0,2,0,0,0,0,0,0,"-","-","UNINCORPORATED","SACRAMENTO","CA",-121.33598,38.639
"90060708",-121.4008742,38.5742658,2015,"3400","4","5","4","03",0,1,"A",,,,,,1500,11,"C","C","A","FAIR OAKS BLVD","MUNROE ST",200,"E","N","2015-11-30",9250,"2015-11-20",1315,"015577",,"1","9","0","2",,"1","048","-","N",,0,0,,,0,,,,"Y",2,"A","-",22350,,"N","A","H","-","A","D","0","Y","A","01",0,0,1,0,0,0,0,0,0,"-","-","UNINCORPORATED","SACRAMENTO","CA",0,0
"90060575",0,0,2015,"3400","4","4","4","03",0,1,"A",,,,,,1500,11,"C","C","A","ELKHORN BLVD.","INTERSTATE 80 W/B",100,"W","N","2015-11-27",9250,"2015-11-19",1400,"017849",,"2","9","0","2",,"1","014","-","Y",,0,0,,,0,,,,"Y",2,"A","-",22350,,"N","A","H","-","A","D","0","Y","A","07",0,0,1,0,0,0,0,0,0,"-","-","UNINCORPORATED","SACRAMENTO","CA",-121.33689,38.68307
"90060570",0,0,2015,"3400","4","4","4","03",0,1,"A",,,,,,1800,11,"C","C","A","ELKHORN BLVD. (W/B)","DON JULIO BLVD",250,"E","N","2015-11-27",9250,"2015-11-19",1750,"017818",,"2","9","0","2",,"1","014","-","N",,0,0,,,0,,,,"N",2,"A","-",22350,,"N","A","H","-","C","D","0","Y","D","22",0,0,1,0,0,0,0,0,0,"-","-","UNINCORPORATED","SACRAMENTO","CA",0,0
"90060551",0,0,2015,"3400","1","4","4","03",0,1,"A",,,"Y",,,2100,11,"C","C","A","I-5 S/B","ARENA BLVD",3168,"N","N","2015-11-27",9250,"2015-11-19",1810,"018461",,"2","9","0","1",,"2","106","-","Y",,0,0,,,0,,,,"Y",2,"A","-",22350,,"N","A","H","-","C","D","0","Y","C","02",0,0,1,0,0,0,0,0,1,"-","-","UNINCORPORATED","SACRAMENTO","CA",-121.53053,38.65067
"90060547",0,0,2015,"3400","3","3","4","03",0,1,"A",,,,,,900,11,"C","C","A","SR-99 S/B","ELKHORN BLVD.",300,"S","N","2015-11-27",9250,"2015-11-18",750,"014810",,"1","9","0","1",,"1","193","-","Y",,0,0,,,0,,,,"Y",4,"A","-",22350,,"N","A","H","-","A","D","0","Y","A","01",0,0,1,0,0,0,0,0,0,"-","-","UNINCORPORATED","SACRAMENTO","CA",0,0
"90060543",0,0,2015,"3400","4","4","4","03",0,1,"A",,,,,,900,11,"C","C","A","FAIR OAKS BLVD. (W/B)","STEBBINS LN",320,"W","N","2015-11-27",9250,"2015-11-19",755,"013284",,"1","9","0","2",,"1","048","-","N",,0,0,,,0,,,,"Y",2,"A","-",22350,,"N","A","H","-","A","D","0","Y","A","01",0,0,1,0,0,0,0,0,0,"-","-","UNINCORPORATED","SACRAMENTO","CA",0,0
"90060540",-121.3374831,38.6606851,2015,"3400","4","4","4","12",0,1,"A",,,,,,2400,11,"D","C","A","MADISON AVENUE","GARFIELD AVE",0,,"Y","2015-11-27",9250,"2015-11-19",2223,"015745",,"3","9","0","2",,"1","024","-","N",,0,0,,,0,,,,"Y",2,"A","-",21453,"A","N","A","H","-","C","A","0","Y","A","01",0,0,1,0,0,0,0,0,0,"-","-","UNINCORPORATED","SACRAMENTO","CA",0,0
"90060532",-121.3645056,38.6172456,2015,"3400","4","4","4","09",0,5,"A",,,,,,1500,11,"D","C","A","EASTERN AVE","MARCONI AVE",120,"S","N","2015-11-27",9250,"2015-11-19",1455,"016419",,"2","9","0","2",,"1","051","-","N",,0,0,,,0,,,,"Y",2,"A","-",21801,,"N","A","H","-","A","D","0","Y","D","22",0,0,5,0,0,0,0,0,0,"-","-","UNINCORPORATED","SACRAMENTO","CA",0,0
"90060529",0,0,2015,"3400","4","6","4","21",0,1,"A",,,,,,1500,11,"C","C","A","MADISON AVE E/B","GARFIELD AVE",50,"W","N","2015-11-27",9250,"2015-11-14",1245,"018774",,"1","9","0","2",,"1","024","-","N",,0,0,,,0,,,,"N",2,"A","-",22106,,"N","A","H","-","A","A","0","Y","A","01",0,0,1,0,0,0,0,0,0,"-","-","UNINCORPORATED","SACRAMENTO","CA",-121.33769,38.6607
"90060527",-121.4153032,38.6200946,2015,"3400","4","3","4","08",0,1,"A",,,,,,2100,11,"E","I","A","HOWE AVE","RAINBOW AVE",120,"N","N","2015-11-27",9250,"2015-11-18",1840,"017752",,"2","9","0","2",,"1","041","-","N",,0,0,,,0,,,,"Y",1,"A","-",22107,,"N","A","H","-","C","D","0","Y","A","01",0,0,1,0,0,0,0,0,0,"-","-","UNINCORPORATED","SACRAMENTO","CA",0,0
"90060523",-121.3942474,38.6328509,2015,"3400","5","3","4","08",0,1,"A",,,,,,2400,11,"E","I","A","AUBURN BLVD","MORSE AVE",650,"W","N","2016-04-22",9250,"2015-11-18",2150,"017734",,"2","9","0","3",,"2","040","-","N",,0,0,,,0,,,,"Y",1,"A","-",22107,,"N","A","H","-","C","D","0","Y","A","01",0,0,1,0,0,0,0,0,0,"-","-","UNINCORPORATED","SACRAMENTO","CA",0,0
"90060516",0,0,2015,"3404","3","3","4","03",0,2,"A",,,,,,1800,11,"C","C","A","SR-51 N/B","EL CAMINO AVE",0,,"N","2015-11-27",9250,"2015-11-18",1540,"013736",,"2","7","0","1",,"2","151","-","Y",,0,0,,,0,,,,"Y",2,"A","-",22350,,"N","A","H","-","A","D","0","Y","D","22",0,0,2,0,0,0,0,0,0,"-","-","SACRAMENTO","SACRAMENTO","CA",0,0
"90060512",0,0,2015,"3400","5","3","3","12",0,1,"A",,,,,"Y",2500,11,"E","I","A","801 MORSE AVE","ADAMS RD",0,,"Y","2015-11-27",9250,"2015-11-18",2500,"013284",,"4","9","0","3",,"2","040","-","N",,0,0,,,0,,,,"N",1,"A","-",22450,"A","N","A","H","-","D","A","0","Y","D","22",0,1,0,0,0,0,0,0,0,"-","-","UNINCORPORATED","SACRAMENTO","CA",0,0
"90060509",-121.4877931,38.656395,2015,"3400","5","4","4","03",0,2,"A",,,,,,1200,11,"C","C","A","DEL PASO RD","NATIONAL DR",0,,"Y","2015-11-27",9250,"2015-11-19",930,"016434",,"1","9","0","3",,"2","080","-","N",,0,0,,,0,,,,"Y",2,"A","-",22350,,"N","A","H","-","A","A","0","Y","A","01",0,0,2,0,0,0,0,0,0,"-","-","UNINCORPORATED","SACRAMENTO","CA",0,0
"90060497",-121.3833962,38.6370421,2015,"3400","5","3","4","03",0,1,"A",,,,,,1800,11,"C","C","A","AUBURN BOULEVARD EASTBOUND","WATT AVENUE",100,"W","N","2015-11-27",9250,"2015-11-18",1620,"16290",,"2","9","0","3",,"2","040","-","N",,0,0,,,0,,,,"N",2,"A","-",22350,,"N","A","H","-","A","D","0","Y","A","01",0,0,1,0,0,0,0,0,0,"-","-","UNINCORPORATED","SACRAMENTO","CA",-121.38348,38.63687
"90060477",-121.3150625,38.2910025,2015,"3400","5","6","2","08",0,1,"A","Y",,,,,2100,11,"G","B","E","TWIN CITIES RD","WEST STOCKTON BLVD",528,"W","N","2015-11-27",9252,"2015-11-21",1826,"018782",,"2","9","0","3",,"2","080","-","N",,0,0,,,0,,,,"N",2,"A","-",22107,,"F","A","H","-","D","D","0","Y","D","22",1,0,0,0,1,0,0,0,0,"-","-","UNINCORPORATED","SACRAMENTO","CA",-121.31725,38.29113
"90060473",-121.2741023,38.6392776,2015,"3400","4","2","4","03",0,1,"A",,,,,,2100,11,"C","C","A","FAIR OAKS BLVD. ","PENNSYLVANIA AVE",220,"W","N","2015-11-27",9250,"2015-11-17",1840,"016419",,"2","9","0","2",,"1","053","-","N",,0,0,,,0,,,,"N",2,"A","-",22350,,"N","A","H","-","A","D","0","Y","A","01",0,0,1,0,0,0,0,0,0,"-","-","UNINCORPORATED","SACRAMENTO","CA",-121.27348,38.63918
"90060467",0,0,2015,"3400","3","4","4","07",0,1,"A",,,,,,2100,11,"B","C","A","SR-99 S/B","MACK RD",1584,"S","N","2015-11-27",9252,"2015-11-19",1933,"018782",,"2","9","0","1",,"2","191","-","Y",,0,0,,,0,,,,"Y",2,"A","-",21658,"A","N","A","H","-","C","D","0","Y","A","01",0,0,1,0,0,0,0,0,0,"-","-","UNINCORPORATED","SACRAMENTO","CA",-121.41516,38.46625
"90060463",-121.4078295,38.5743551,2015,"3400","4","2","4","09",0,1,"A",,,,,,1800,11,"B","C","A","FAIR OAKS BOULEVARD","FULTON AVENUE",465,"W","N","2015-11-27",9250,"2015-11-17",1625,"16290",,"2","9","0","2",,"1","048","-","N",,0,0,,,0,,,,"Y",2,"A","-",21802,"A","N","A","H","-","A","D","0","Y","A","01",0,0,1,0,0,0,0,0,0,"-","-","UNINCORPORATED","SACRAMENTO","CA",-121.40763,38.57438
"90060462",-121.4087531,38.481705,2015,"3400","4","5","4","09",0,1,"A",,,,,,2100,11,"D","C","A","GERBER RD","POWER INN RD",0,,"Y","2015-11-27",9252,"2015-11-20",1805,"018782",,"2","9","0","2",,"2","073","-","N",,0,0,,,0,,,,"N",2,"A","-",21453,"B","N","A","H","-","A","A","0","Y","A","01",0,0,1,0,0,0,0,0,0,"-","-","UNINCORPORATED","SACRAMENTO","CA",-121.40878,38.48159
"90060459",0,0,2015,"3400","5","2","4","05",0,1,"A",,"Y",,,,900,11,"H","G","A","ELKHORN BLVD. E/B","DRY CREEK RD",6,"S","N","2015-11-27",9250,"2015-11-17",736,"014810",,"1","9","0","3",,"2","060","-","N",,0,0,,,0,,,,"N",2,"A","-",21650,,"N","A","H","-","A","A","0","Y","L","04",0,0,1,0,0,0,1,0,0,"-","-","UNINCORPORATED","SACRAMENTO","CA",0,0
"90060446",0,0,2015,"3450","3","6","3","08",0,1,"A",,,,,,1200,11,"E","I","A","SR-99 N/B","SHELDON RD",542,"S","N","2015-11-27",9252,"2015-11-21",1045,"018159",,"1","5","0","1",,"2","191","-","Y",,0,0,,,0,,,,"Y",1,"A","-",22107,,"N","A","H","-","A","D","0","Y","A","01",0,1,0,0,0,0,0,0,0,"-","-","ELK GROVE","SACRAMENTO","CA",-121.40213,38.43886
"90060442",0,0,2015,"3404","3","6","4","03",0,1,"A",,,,,,1200,11,"C","C","A","SR-99 N/B","BROADWAY",528,"S","N","2015-11-27",9252,"2015-11-21",1145,"018159",,"1","7","0","1",,"2","192","-","Y",,0,0,,,0,,,,"Y",3,"A","-",22350,,"N","A","H","-","A","D","0","Y","A","01",0,0,1,0,0,0,0,0,0,"-","-","SACRAMENTO","SACRAMENTO","CA",-121.47367,38.53824