"CASEID","POINT_X","POINT_Y","YEAR_","LOCATION","CHPTYPE","DAYWEEK","CRASHSEV","VIOLCAT","KILLED","INJURED","WEATHER1","PEDCOL","BICCOL","MCCOL","TRUCKCOL","ETOH","TIMECAT","MONTH_","CRASHTYP","INVOLVE","PED","PRIMARYRD","SECONDRD","DISTANCE","DIRECT","INTERSECT_","PROCDATE","JURIS","DATE_","TIME_","BADGE","JURIDIST","SHIFT","POP","SPECIAL","BEATTYPE","LAPDDIV","BEATCLAS","BEATNUMB","WEATHER2","STATEHW","CALTRANC","CALTRAND","STROUTE","ROUTESUF","POSTPRE","POSTMILE","LOCATYPE","RAMP","SIDEHW","TOWAWAY","PARTIES","PCF","VIOLCODE","VIOL","VIOLSUB","HITRUN","ROADSURF","RDCOND1","RDCOND2","LIGHTING","RIGHTWAY","CHPRDTYP","NOTPRIV","STFAULT","CHPFAULT","SEVINJ","OTHERINJ","COP","PEDKILL","PEDINJ","BICKILL","BICINJ","MCKILL","MCINJURE","RAMP1","RAMP2","CITY","COUNTY","STATE","X_CHP","Y_CHP"
"90053337",0,0,2015,"3404","3","3","4","03",0,1,"A",,,,,,1800,11,"C","C","A","STATE ROUTE (SR) 99 SOUTHBOUND","12TH AVENUE O/C",300,"S","N","2015-11-18",9252,"2015-11-04",1635,"015006",,"2","7","0","1",,"2","192","-","Y",,0,0,,,0,,,,"Y",2,"A","-",22350,,"N","A","H","-","C","D","0","Y","A","01",0,0,1,0,0,0,0,0,0,"-","-","SACRAMENTO","SACRAMENTO","CA",-121.11111,38.11111
"90053321",0,0,2015,"3404","1","3","4","03",0,1,"A",,,"Y",,,1800,11,"C","C","A","I-5 N/B","L ST",200,"S","N","2015-11-18",9252,"2015-11-04",1700,"017258",,"2","7","0","1",,"2","108","-","Y",,0,0,,,0,,,,"Y",2,"A","-",22350,,"N","A","H","-","A","D","0","Y","C","02",0,0,1,0,0,0,0,0,1,"-","-","SACRAMENTO","SACRAMENTO","CA",-121.50352,38.25866
"90053215",-121.3644479,38.3785966,2015,"3450","3","3","4","03",0,1,"A",,,,,,2100,10,"C","C","A","SR-99"," GRANT LINE RD.",1056,"N","N","2015-11-18",9252,"2015-10-14",1858,"014833",,"2","5","0","1",,"2","191","-","Y",,0,0,,,0,,,,"Y",2,"A","-",22350,,"F","A","H","-","C","D","0","Y","D","22",0,0,1,0,0,0,0,0,0,"-","-","ELK GROVE","SACRAMENTO","CA",-121.36662,38.38093
"90052935",-121.0420767,38.4187984,2015,"3400","5","2","4","08",0,1,"A",,,"Y",,,2400,11,"F","A","A","IONE RD","CARBONDALE RD",580,"S","N","2015-11-17",9260,"2015-11-10",2340,"016371",,"3","9","0","3",,"2","001","-","N",,0,0,,,0,,,,"N",1,"A","-",22107,,"N","A","H","-","D","D","0","Y","C","02",0,0,1,0,0,0,0,0,1,"-","-","UNINCORPORATED","SACRAMENTO","CA",0,0
"90052926",0,0,2015,"3400","2","2","4","04",0,3,"A",,,,,,900,11,"C","C","A","U.S. 50 W/B","HAZEL AVENUE",3696,"W","N","2015-11-17",9260,"2015-11-10",730,"012718",,"1","9","0","1",,"2","502","-","Y",,0,0,,,0,,,,"Y",3,"A","-",21703,,"N","B","H","-","A","D","0","Y","A","01",0,0,3,0,0,0,0,0,0,"-","-","UNINCORPORATED","SACRAMENTO","CA",0,0
"90052881",0,0,2015,"3404","2","3","4","07",0,1,"A",,,"Y",,,900,11,"C","C","A","US-50 E/B ","SR-99",528,"W","N","2015-11-17",9252,"2015-11-04",715,"014288",,"1","7","0","1",,"2","150","-","Y",,0,0,,,0,,,,"Y",2,"A","-",21658,"A","N","A","H","-","A","D","0","Y","A","01",0,0,1,0,0,0,0,0,1,"-","-","SACRAMENTO","SACRAMENTO","CA",-121.47456,38.55874
"90052877",-121.2253632,38.6416038,2015,"3400","4","1","4","03",0,1,"A",,,,,,1800,11,"C","C","A","HAZEL AVE","CURRAGH DOWNS DR",455,"N","N","2015-11-17",9260,"2015-11-16",1715,"017084",,"2","9","0","2",,"2","307","-","N",,0,0,,,0,,,,"Y",2,"A","-",22350,,"N","A","H","-","C","A","0","Y","D","22",0,0,1,0,0,0,0,0,0,"-","-","UNINCORPORATED","SACRAMENTO","CA",-121.12212,38.38291
"90052842",-121.4612827,38.5167651,2015,"3400","4","1","3","01",0,4,"A",,,,,"Y",1500,11,"B","E","A","40TH AVE","40TH ST",100,"W","N","2015-11-17",9252,"2015-11-16",1215,"018159",,"1","9","0","2",,"1","071","-","N",,0,0,,,0,,,,"Y",2,"A","-",23152,"F","N","A","H","-","A","D","0","Y","A","01",0,4,0,0,0,0,0,0,0,"-","-","UNINCORPORATED","SACRAMENTO","CA",-121.46093,38.51675
"90052668",-121.1040404,38.5254228,2015,"3400","5","6","3","08",0,4,"A",,,,,,2400,11,"E","I","A","SCOTT RD","LATROBE RD",2640,"N","N","2015-11-17",9260,"2015-11-07",2100,"018713",,"2","9","0","3",,"2","001","-","N",,0,0,,,0,,,,"Y",1,"A","-",22107,,"N","A","H","-","D","D","0","Y","A","01",0,3,1,0,0,0,0,0,0,"-","-","UNINCORPORATED","SACRAMENTO","CA",-121.0615,38.31336
"90052639",0,0,2015,"3404","1","2","4","03",0,3,"A",,,,,,2400,11,"C","C","A","INTERSTATE 5 S/B","O ST",116,"N","N","2015-11-17",9252,"2015-11-03",2150,"018407",,"2","7","0","1",,"2","108","-","Y",,0,0,,,0,,,,"Y",3,"A","-",22350,,"N","A","H","-","C","D","0","Y","A","01",0,0,3,0,0,0,0,0,0,"-","-","SACRAMENTO","SACRAMENTO","CA",-121.50739,38.57825
"90052432",0,0,2015,"3450","1","1","4","03",0,2,"B",,,,,,900,11,"C","C","A","I-5 N/B","HOOD FRANKLIN BLVD",7920,"N","N","2015-11-17",9252,"2015-11-02",654,"018159",,"1","5","0","1",,"2","106","C","Y",,0,0,,,0,,,,"Y",2,"A","-",22350,,"N","B","H","-","A","D","0","Y","A","01",0,0,2,0,0,0,0,0,0,"-","-","ELK GROVE","SACRAMENTO","CA",-121.48468,38.41406
"90052380",-121.2632738,38.6641363,2015,"3400","4","1","3","18",0,1,"B",,,,,,1200,11,"B","C","A","MADISON AVE.","FAIR OAKS BLVD.",300,"W","N","2015-11-17",9260,"2015-11-09",1145,"012638",,"1","9","0","2",,"2","304","C","N",,0,0,,,0,,,,"Y",2,"C","-",0,,"N","B","H","-","A","D","0","Y","-","-",0,1,0,0,0,0,0,0,0,"-","-","UNINCORPORATED","SACRAMENTO","CA",0,0
"90052287",0,0,2015,"3404","1","1","4","03",0,1,"B",,,,,,900,11,"C","C","A","I-5 S/B ","SUTTERVILLE RD ",3168,"S","N","2015-11-17",9252,"2015-11-02",830,"014288",,"1","7","0","1",,"2","107","C","Y",,0,0,,,0,,,,"Y",2,"A","-",22350,,"N","B","H","-","A","D","0","Y","A","01",0,0,1,0,0,0,0,0,0,"-","-","SACRAMENTO","SACRAMENTO","CA",-121.51752,38.53415
"90052192",-121.4045744,38.4817112,2015,"3400","4","7","4","10",0,1,"B","Y",,,,,1200,11,"G","B","F","GERBER RD","FERNRIDGE DR",200,"E","N","2015-11-17",9252,"2015-11-01",1025,"018233",,"1","9","0","2",,"2","073","-","N",,0,0,,,0,,,,"N",2,"A","-",21952,,"N","A","H","-","A","D","0","Y","A","01",0,0,1,0,1,0,0,0,0,"-","-","UNINCORPORATED","SACRAMENTO","CA",-121.40392,38.48157
"90052150",-121.5277731,38.266555,2015,"3400","5","3","4","09",0,3,"A",,,,,,1200,10,"D","C","A","TWIN CITIES ROAD","RIVER ROAD",0,,"Y","2015-11-17",9252,"2015-10-28",918,"013720",,"1","9","0","3",,"2","090","-","N",,0,0,,,0,,,,"Y",2,"A","-",21802,"A","N","A","H","-","A","A","0","Y","A","01",0,0,3,0,0,0,0,0,0,"-","-","UNINCORPORATED","SACRAMENTO","CA",-121.52765,38.26671
"90052057",0,0,2015,"3400","1","2","2","03",0,1,"A",,,"Y",,,900,11,"F","A","A","I-80 W/B","GREENBACK LN",2075,"W","N","2015-11-17",9250,"2015-11-03",625,"015272",,"1","9","0","1",,"2","183","-","Y",,0,0,,,0,,,,"Y",1,"A","-",22350,,"N","A","H","-","B","D","0","Y","C","02",1,0,0,0,0,0,0,0,1,"-","-","UNINCORPORATED","SACRAMENTO","CA",0,0
"90052053",0,0,2015,"3404","3","3","4","03",0,1,"A",,,,,,2400,10,"C","C","A","SR-51 N/B","RT 244 OFF RAMP",300,"N","N","2015-11-17",9250,"2015-10-07",2300,"017862",,"3","7","0","1",,"2","151","-","Y",,0,0,,,0,,,,"Y",2,"A","-",22350,,"N","A","H","-","C","D","0","Y","A","01",0,0,1,0,0,0,0,0,0,"-","-","SACRAMENTO","SACRAMENTO","CA",0,0
"90051920",-121.3296562,38.6171333,2015,"3400","4","3","4","09",0,1,"A",,,,,,1200,11,"D","C","A","MARCONI AVE","FAIR OAKS BLVD",300,"W","N","2015-11-16",9250,"2015-11-04",1030,"014845",,"1","9","0","2",,"1","052","-","N",,0,0,,,0,,,,"N",2,"A","-",21804,"A","F","A","H","-","A","D","0","Y","D","22",0,0,1,0,0,0,0,0,0,"-","-","UNINCORPORATED","SACRAMENTO","CA",0,0
"90051916",-121.2500431,38.6640451,2015,"3400","4","7","3","12",0,1,"A",,,,,,1200,11,"D","C","A","MADISON AVE","BUENA VISTA AVE",0,,"Y","2015-11-16",9260,"2015-11-08",954,"017522",,"1","9","0","2",,"2","304","-","N",,0,0,,,0,,,,"Y",3,"A","-",21453,"A","N","A","H","-","A","A","0","Y","A","01",0,1,0,0,0,0,0,0,0,"-","-","UNINCORPORATED","SACRAMENTO","CA",-121.25008,38.66423
"90051914",-121.3449456,38.5964027,2015,"3400","4","3","3","03",0,2,"A",,,,,,900,10,"C","C","A","FAIR OAKS BLVD","WALNUT AVE",15,"W","N","2015-11-16",9250,"2015-10-28",845,"014845",,"1","9","0","2",,"1","053","-","N",,0,0,,,0,,,,"Y",2,"A","-",22350,,"N","A","H","-","A","A","0","Y","A","01",0,1,1,0,0,0,0,0,0,"-","-","UNINCORPORATED","SACRAMENTO","CA",0,0
"90051886",0,0,2015,"3400","4","2","4","09",0,1,"B",,"Y",,,,600,11,"H","G","A","WALERGA RD. (NORTHBOUND)","HOLWORTHY WAY",0,,"Y","2015-11-16",9250,"2015-11-03",530,"015423",,"3","9","0","2",,"1","013","-","N",,0,0,,,0,,,,"N",2,"A","-",21804,"A","F","A","H","-","D","A","0","Y","A","01",0,0,1,0,0,0,1,0,0,"-","-","UNINCORPORATED","SACRAMENTO","CA",0,0
"90051828",-121.3507231,38.565355,2015,"3400","4","2","4","12",0,3,"A",,,,,,1500,11,"D","C","A","FOLSOM BLVD","MAYHEW RD",0,,"Y","2015-11-16",9260,"2015-11-10",1235,"013664",,"1","9","0","2",,"2","101","-","N",,0,0,,,0,,,,"Y",3,"A","-",21453,"A","N","A","H","-","A","A","0","Y","A","01",0,0,3,0,0,0,0,0,0,"-","-","UNINCORPORATED","SACRAMENTO","CA",-121.2102,38.3355
"90051797",0,0,2015,"3404","1","5","2","03",0,2,"A",,,,,,900,10,"C","C","A","I-5 N/B","SEAMAS AVE",1584,"S","N","2015-11-16",9252,"2015-10-30",720,"018159",,"1","7","0","1",,"2","107","-","Y",,0,0,,,0,,,,"Y",7,"A","-",22350,,"N","A","H","-","A","D","0","Y","A","01",1,1,0,0,0,0,0,0,0,"-","-","SACRAMENTO","SACRAMENTO","CA",-121.52187,38.51616
"90051670",-121.225373,38.6912054,2015,"3400","4","6","3","03",0,3,"A",,,,,,1200,11,"C","C","A","HAZEL AVE","ELM AVE",670,"S","N","2015-11-16",9260,"2015-11-14",1130,"017522",,"1","9","0","2",,"2","307","-","N",,0,0,,,0,,,,"Y",5,"A","-",22350,,"N","A","H","-","A","D","0","Y","A","07",0,1,2,0,0,0,0,0,0,"-","-","UNINCORPORATED","SACRAMENTO","CA",-121.22536,38.69112
"90051475",-121.4452956,38.3268823,2015,"3400","5","5","3","01",0,1,"A",,,,,"Y",2400,10,"E","I","A","FRANKLIN BLVD","LAMBERT RD",2200,"N","N","2015-11-16",9252,"2015-10-30",2330,"019787",,"3","9","0","3",,"2","080","-","Y",,0,0,,,0,,,,"Y",1,"A","-",23152,"A","N","A","H","-","D","D","0","Y","D","22",0,1,0,0,0,0,0,0,0,"-","-","UNINCORPORATED","SACRAMENTO","CA",-121.44529,38.32731
"90051427",0,0,2015,"3400","3","6","4","18",0,1,"A",,,,,,1200,10,"E","J","A","SR-99 N/B","MARTIN LUTHER KING JR BLVD",225,"S","N","2015-11-16",9252,"2015-10-31",1132,"017325",,"1","9","0","1",,"2","192","-","Y",,0,0,,,0,,,,"Y",2,"C","-",0,,"N","A","C","-","A","D","0","Y","-","-",0,0,1,0,0,0,0,0,0,"-","-","UNINCORPORATED","SACRAMENTO","CA",-121.75197,38.05811
"90051404",-121.4154449,38.5801953,2015,"3400","4","3","4","05",0,1,"A",,"Y",,,,1200,10,"H","G","A","HOWE AVENUE","NORTHROP AVENUE",528,"S","N","2015-11-16",9250,"2015-10-07",1040,"013299",,"1","9","0","2",,"1","041","-","N",,0,0,,,0,,,,"N",2,"A","-",21650,,"N","A","H","-","A","D","0","Y","L","04",0,0,1,0,0,0,1,0,0,"-","-","UNINCORPORATED","SACRAMENTO","CA",0,0
"90051398",0,0,2015,"3400","4","5","4","03",0,1,"A",,,,,,1200,10,"C","C","A","WATT AVE. (N/B)","ARDEN WAY",200,"S","N","2015-11-16",9250,"2015-10-16",929,"015577",,"1","9","0","2",,"1","045","-","N",,0,0,,,0,,,,"Y",4,"A","-",22350,,"N","A","H","-","A","D","0","Y","D","22",0,0,1,0,0,0,0,0,0,"-","-","UNINCORPORATED","SACRAMENTO","CA",0,0
"90051388",-121.3147731,38.6658251,2015,"3400","5","2","3","10",0,1,"A","Y",,,,,1800,10,"G","B","B","TEMPLETON DR","MILLBURN ST",0,,"Y","2015-11-16",9250,"2015-10-06",1730,"015719",,"2","9","0","3",,"2","020","-","N",,0,0,,,0,,,,"N",2,"A","-",21950,"A","N","A","H","-","A","A","0","Y","A","01",0,1,0,0,1,0,0,0,0,"-","-","UNINCORPORATED","SACRAMENTO","CA",0,0
"90051346",-121.348293,38.559995,2015,"3400","5","5","4","12",0,1,"A",,"Y",,,,900,11,"D","G","A","MAYHEW RD","HUNTSMAN DR",0,,"Y","2015-11-16",9260,"2015-11-13",809,"017522",,"1","9","0","3",,"2","001","-","N",,0,0,,,0,,,,"N",2,"A","-",22450,"A","N","A","H","-","A","D","0","Y","L","04",0,0,1,0,0,0,1,0,0,"-","-","UNINCORPORATED","SACRAMENTO","CA",-121.34841,38.55887
"90051274",-121.2256524,38.6794696,2015,"3400","4","5","4","09",0,2,"A",,,,,,1800,11,"D","C","A","HAZEL AVE","GREENBACK LN",355,"N","N","2015-12-02",9260,"2015-11-06",1750,"018456",,"2","9","0","2",,"2","307","-","N",,0,0,,,0,,,,"Y",2,"A","-",21801,"A","N","A","H","-","C","D","0","Y","A","01",0,0,2,0,0,0,0,0,0,"-","-","UNINCORPORATED","SACRAMENTO","CA",-121.13327,38.40467
"90051251",0,0,2015,"3400","1","7","4","03",0,2,"B",,,,,,1500,11,"A","C","A","I-80 W/B","MADISON AVE",520,"W","N","2015-11-16",9250,"2015-11-01",1250,"016434",,"1","9","0","1",,"2","183","C","Y",,0,0,,,0,,,,"Y",2,"A","-",22350,,"N","B","H","-","A","D","0","Y","A","01",0,0,2,0,0,0,0,0,0,"-","-","UNINCORPORATED","SACRAMENTO","CA",0,0
"90051216",-121.364623,38.7251333,2015,"3404","4","5","4","03",0,1,"A",,,,,,2100,10,"C","C","A","WALERGA RD","SINGING TREE WAY",3,"N","N","2015-11-16",9250,"2015-10-30",1800,"019133",,"2","7","0","2",,"1","013","-","N",,0,0,,,0,,,,"N",2,"A","-",22350,,"N","A","H","-","C","D","0","Y","D","22",0,0,1,0,0,0,0,0,0,"-","-","SACRAMENTO","SACRAMENTO","CA",-121.36457,38.72518
"90051204",-121.3806124,38.5746707,2015,"3400","4","3","4","03",0,1,"A",,,,,,900,11,"C","C","A","FAIR OAKS BLVD","SAN LUCAS WAY",55,"E","N","2015-11-16",9250,"2015-11-04",855,"015869",,"1","9","0","2",,"1","048","-","N",,0,0,,,0,,,,"Y",3,"A","-",22350,,"N","A","H","-","A","A","0","Y","A","01",0,0,1,0,0,0,0,0,0,"-","-","UNINCORPORATED","SACRAMENTO","CA",0,0
"90051198",-121.3830332,38.6051872,2015,"3400","4","3","4","07",0,1,"A",,,,"Y",,1500,10,"B","C","A","WATT AVENUE","MARYAL DRIVE",110,"N","N","2015-11-16",9250,"2015-10-07",1210,"013299",,"1","9","0","2",,"1","045","-","N",,0,0,,,0,,,,"N",2,"A","-",21658,"A","N","A","C","-","A","A","0","Y","F","87",0,0,1,0,0,0,0,0,0,"-","-","UNINCORPORATED","SACRAMENTO","CA",0,0
"90051180",0,0,2015,"3404","3","5","4","17",0,2,"A",,,,,,1500,10,"B","C","A","SR-99 S/B","SHELDON RD",528,"N","N","2015-11-16",9252,"2015-10-16",1440,"017869",,"2","7","0","1",,"2","191","-","Y",,0,0,,,0,,,,"Y",3,"A","-",23114,"A","F","A","C","-","A","D","0","Y","D","22",0,0,2,0,0,0,0,0,0,"-","-","SACRAMENTO","SACRAMENTO","CA",-121.402,38.438
"90051104",-121.3366765,38.6973797,2015,"3400","4","7","4","08",0,1,"C",,,,,"Y",2400,10,"E","I","A","ROSEVILLE RD","DIABLO DR",25,"E","N","2015-11-16",9250,"2015-10-04",2105,"019099",,"2","9","0","2",,"1","015","-","N",,0,0,,,0,,,,"Y",1,"A","-",22107,,"N","B","H","-","A","D","0","Y","A","01",0,0,1,0,0,0,0,0,0,"-","-","UNINCORPORATED","SACRAMENTO","CA",-121.33642,38.69767
"90051100",0,0,2015,"3400","5","1","3","01",0,3,"A",,,,,"Y",300,10,"E","I","A","KASSER RD","16TH ST",20,"W","N","2015-11-16",9250,"2015-10-26",25,"019266",,"3","9","0","3",,"2","060","-","N",,0,0,,,0,,,,"Y",1,"A","-",23152,"A","N","A","H","-","D","D","0","Y","D","22",0,3,0,0,0,0,0,0,0,"-","-","UNINCORPORATED","SACRAMENTO","CA",0,0
"90051099",0,0,2015,"3400","4","5","4","21",0,1,"A",,,,,,1800,10,"C","C","A","ALTA ARDEN EXPY W/B","HOWE AVE",250,"E","N","2015-11-16",9250,"2015-10-30",1708,"018774",,"2","9","0","2",,"1","049","-","N",,0,0,,,0,,,,"N",3,"A","-",22106,,"N","A","H","-","A","A","0","Y","A","01",0,0,1,0,0,0,0,0,0,"-","-","UNINCORPORATED","SACRAMENTO","CA",-121.41436,38.59836
"90051095",0,0,2015,"3400","1","5","4","17",0,1,"A",,,,,,900,11,"E","I","A","I-5 N/B","AIRPORT BLVD",5280,"N","N","2015-11-16",9250,"2015-11-06",600,"018374",,"1","9","0","1",,"2","105","-","Y",,0,0,,,0,,,,"N",2,"A","-",22109,,"M","A","H","-","A","D","0","Y","-","99",0,0,1,0,0,0,0,0,0,"-","-","UNINCORPORATED","SACRAMENTO","CA",0,0
"90051093",0,0,2015,"3404","1","7","3","03",0,1,"C",,,,,,1200,11,"E","I","A","I-80 W/B TO I-5 N/B CONNECTOR","SAN JUAN AVE",130,"S","N","2015-11-16",9250,"2015-11-01",1150,"018374",,"1","7","0","1",,"2","181","-","Y",,0,0,,,0,,,,"Y",1,"A","-",22350,,"N","B","H","-","A","D","0","Y","A","01",0,1,0,0,0,0,0,0,0,"-","-","SACRAMENTO","SACRAMENTO","CA",0,0
"90051092",0,0,2015,"3404","5","7","3","18",0,1,"A",,,,,,1200,10,"E","I","A","NORTHGATE BLVD","I-80 W/B",500,"N","N","2015-11-16",9250,"2015-10-25",1139,"018374",,"1","7","0","3",,"2","080","-","Y",,0,0,,,0,,,,"Y",1,"C","-",0,,"N","A","H","-","A","D","0","Y","-","-",0,1,0,0,0,0,0,0,0,"-","-","SACRAMENTO","SACRAMENTO","CA",0,0
"90050966",0,0,2015,"3400","4","2","4","03",0,1,"B",,,,,,900,11,"C","C","A","ANTELOPE RD. (E/B)","ROSEVILLE ROAD",955,"W","N","2015-11-16",9250,"2015-11-10",721,"015719",,"1","9","0","2",,"1","012","-","N",,0,0,,,0,,,,"Y",3,"A","-",22350,,"N","B","H","-","A","D","0","Y","A","01",0,0,1,0,0,0,0,0,0,"-","-","UNINCORPORATED","SACRAMENTO","CA",0,0
"90050965",0,0,2015,"3400","4","2","4","03",0,1,"B",,,,,,900,11,"C","C","A","ANTELOPE RD. (E/B)","ROSEVILLE ROAD",950,"W","N","2015-11-16",9250,"2015-11-10",720,"015719",,"1","9","0","2",,"1","012","-","N",,0,0,,,0,,,,"Y",2,"A","-",22350,,"N","B","H","-","A","D","0","Y","A","01",0,0,1,0,0,0,0,0,0,"-","-","UNINCORPORATED","SACRAMENTO","CA",0,0
"90050951",0,0,2015,"3400","1","4","4","03",0,1,"A",,,,,,900,11,"C","A","A","I-80 W/B FROM WATT AVE.","WATT AVE",300,"W","N","2015-11-16",9250,"2015-11-12",825,"016624",,"1","9","0","1",,"2","181","-","Y",,0,0,,,0,,,,"Y",2,"A","-",22350,,"N","A","H","-","A","A","0","Y","A","01",0,0,1,0,0,0,0,0,0,"-","-","UNINCORPORATED","SACRAMENTO","CA",0,0
"90050953",0,0,2015,"3400","1","4","4","03",0,1,"A",,,,,,2100,11,"C","C","A","I-5 N/B","S.R. 99 O/C",300,"S","N","2015-11-16",9250,"2015-11-12",1820,"016419",,"2","9","0","1",,"2","105","-","Y",,0,0,,,0,,,,"Y",3,"A","-",22350,,"N","A","H","-","D","D","0","Y","A","01",0,0,1,0,0,0,0,0,0,"-","-","UNINCORPORATED","SACRAMENTO","CA",-121.53926,38.66662
"90050949",0,0,2015,"3400","1","4","2","03",0,1,"A",,,,,,1800,11,"C","C","A","I-80 W/B TO ANTELOPE RD.","I-80 W/B",600,"N","N","2015-11-16",9250,"2015-11-12",1710,"017818",,"2","9","0","1",,"2","183","-","Y",,0,0,,,0,,,,"Y",3,"A","-",22350,,"N","A","H","-","D","D","0","Y","A","01",1,0,0,0,0,0,0,0,0,"-","-","UNINCORPORATED","SACRAMENTO","CA",0,0
"90050948",-121.3281731,38.6333351,2015,"3400","4","5","4","12",0,3,"A",,,,,,900,11,"D","C","A","FAIR OAKS BLVD.","SUTTER AVENUE",0,,"Y","2015-11-16",9250,"2015-11-13",820,"017849",,"1","9","0","2",,"1","053","-","N",,0,0,,,0,,,,"Y",3,"A","-",21453,"A","N","A","H","-","A","A","0","Y","A","01",0,0,3,0,0,0,0,0,0,"-","-","UNINCORPORATED","SACRAMENTO","CA",-121.32815,38.63333
"90050946",0,0,2015,"3400","4","6","4","03",0,1,"A",,,,,,1200,11,"C","C","A","HOWE AVE. N/B","ARDEN WAY",100,"S","N","2015-11-16",9250,"2015-11-14",1155,"014344",,"1","9","0","2",,"1","041","-","N",,0,0,,,0,,,,"N",2,"A","-",22350,,"N","A","H","-","A","D","0","Y","A","01",0,0,1,0,0,0,0,0,0,"-","-","UNINCORPORATED","SACRAMENTO","CA",0,0
"90050944",-121.4840631,38.656385,2015,"3400","5","4","4","05",0,1,"A",,,,,,900,11,"D","C","A","DEL PASO ROAD","SORENTO ROAD",0,,"Y","2015-11-16",9250,"2015-11-12",725,"017849",,"1","9","0","3",,"2","080","-","N",,0,0,,,0,,,,"N",2,"A","-",21460,"A","N","A","H","-","A","D","0","Y","A","07",0,0,1,0,0,0,0,0,0,"-","-","UNINCORPORATED","SACRAMENTO","CA",-121.48416,38.6564
"90050935",0,0,2015,"3400","4","5","3","11",0,1,"A","Y",,"Y",,,1500,11,"G","B","D","MADISON AVE. (E/B)","HILLSDALE BLVD",50,"E","N","2015-11-16",9250,"2015-11-13",1355,"019069",,"1","9","0","2",,"1","016","-","N",,0,0,,,0,,,,"N",2,"A","-",21954,"A","N","A","H","-","A","A","0","Y","N","60",0,1,0,0,1,0,0,0,0,"-","-","UNINCORPORATED","SACRAMENTO","CA",-121.2149,38.3939
"90050931",0,0,2015,"3400","3","5","4","03",0,1,"A",,,,,,1800,11,"C","C","A","SR-51 (S/B)","EL CAMINO AVE",1251,"N","N","2015-11-16",9250,"2015-11-13",1635,"019133",,"2","9","0","1",,"2","152","-","Y",,0,0,,,0,,,,"N",2,"A","-",22350,,"N","A","H","-","A","D","0","Y","A","07",0,0,1,0,0,0,0,0,0,"-","-","UNINCORPORATED","SACRAMENTO","CA",-121.42372,38.61396
"90050904",0,0,2015,"3400","4","5","4","08",0,1,"A",,,,,,1200,11,"E","J","A","MADISON AVE. (E/B)","ROSEVILLE RD",118,"E","N","2015-11-16",9250,"2015-11-13",1105,"018542",,"1","9","0","2",,"1","016","-","N",,0,0,,,0,,,,"Y",1,"A","-",22107,,"N","A","H","-","A","D","0","Y","A","01",0,0,1,0,0,0,0,0,0,"-","-","UNINCORPORATED","SACRAMENTO","CA",-121.37922,38.66127
"90050901",-121.4783856,38.6407466,2015,"3400","1","5","4","03",0,1,"A",,,,,,1800,11,"C","C","A","I-80 EASTBOUND","NORTHGATE BLVD",200,"W","N","2015-11-16",9250,"2015-11-13",1615,"018835",,"2","9","0","1",,"2","182","-","Y",,0,0,,,0,,,,"Y",2,"A","-",22350,,"N","A","D","-","A","D","0","Y","A","01",0,0,1,0,0,0,0,0,0,"-","-","UNINCORPORATED","SACRAMENTO","CA",-121.48535,38.63955
"90050667",0,0,2015,"3401","2","5","4","03",0,1,"A",,,,,,1800,11,"C","C","A","US-50 W/B","E. BIDWELL ST.",5280,"E","N","2015-11-13",9260,"2015-11-06",1634,"018456",,"2","5","0","1",,"2","502","-","Y",,0,0,,,0,,,,"N",2,"A","-",22350,,"N","A","H","-","A","D","0","Y","A","07",0,0,1,0,0,0,0,0,0,"-","-","FOLSOM","SACRAMENTO","CA",-121.05475,38.38402
"90050644",-121.2393679,38.6785651,2015,"3400","4","5","4","03",0,1,"A",,,,,,1800,11,"C","C","A","GREENBACK LANE","ALMOND AVENUE",90,"E","N","2015-11-13",9260,"2015-11-06",1605,"016685",,"2","9","0","2",,"2","302","-","N",,0,0,,,0,,,,"N",4,"A","-",22350,,"N","A","H","-","A","A","0","Y","D","22",0,0,1,0,0,0,0,0,0,"-","-","UNINCORPORATED","SACRAMENTO","CA",-121.23961,38.6789
"90050626",-121.5213196,38.2615515,2015,"3400","5","7","4","08",0,1,"A",,,,,,300,11,"E","I","A","RIVER ROAD","TWIN CITIES RD",2600,"S","N","2015-11-13",9252,"2015-11-01",234,"019565",,"3","9","0","3",,"2","090","-","N",,0,0,,,0,,,,"Y",1,"A","-",22107,,"N","A","H","-","D","D","0","Y","A","01",0,0,1,0,0,0,0,0,0,"-","-","UNINCORPORATED","SACRAMENTO","CA",-121.52111,38.26148
"90050590",-121.4544433,38.5104351,2015,"3400","4","7","4","03",0,1,"B",,,,,,1500,11,"C","C","A","47TH AVE","45TH ST",20,"E","N","2015-11-13",9252,"2015-11-01",1330,"018723",,"1","9","0","2",,"1","071","-","N",,0,0,,,0,,,,"N",2,"A","-",22350,,"N","B","H","-","A","D","0","Y","A","01",0,0,1,0,0,0,0,0,0,"-","-","UNINCORPORATED","SACRAMENTO","CA",-121.45434,38.51049