"CASEID","POINT_X","POINT_Y","YEAR_","LOCATION","CHPTYPE","DAYWEEK","CRASHSEV","VIOLCAT","KILLED","INJURED","WEATHER1","PEDCOL","BICCOL","MCCOL","TRUCKCOL","ETOH","TIMECAT","MONTH_","CRASHTYP","INVOLVE","PED","PRIMARYRD","SECONDRD","DISTANCE","DIRECT","INTERSECT_","PROCDATE","JURIS","DATE_","TIME_","BADGE","JURIDIST","SHIFT","POP","SPECIAL","BEATTYPE","LAPDDIV","BEATCLAS","BEATNUMB","WEATHER2","STATEHW","CALTRANC","CALTRAND","STROUTE","ROUTESUF","POSTPRE","POSTMILE","LOCATYPE","RAMP","SIDEHW","TOWAWAY","PARTIES","PCF","VIOLCODE","VIOL","VIOLSUB","HITRUN","ROADSURF","RDCOND1","RDCOND2","LIGHTING","RIGHTWAY","CHPRDTYP","NOTPRIV","STFAULT","CHPFAULT","SEVINJ","OTHERINJ","COP","PEDKILL","PEDINJ","BICKILL","BICINJ","MCKILL","MCINJURE","RAMP1","RAMP2","CITY","COUNTY","STATE","X_CHP","Y_CHP"
"90050553",0,0,2015,"3404","2","7","4","03",0,1,"B",,,,,,1200,11,"C","C","A","US-50 E/B","15TH ST",528,"W","N","2015-11-13",9252,"2015-11-01",1113,"018159",,"1","7","0","1",,"2","150","C","Y",,0,0,,,0,,,,"N",2,"A","-",22350,,"N","B","H","-","A","D","0","Y","A","01",0,0,1,0,0,0,0,0,0,"-","-","SACRAMENTO","SACRAMENTO","CA",-121.49774,38.56474
"90050456",0,0,2015,"3404","2","7","4","03",0,1,"B",,,,,,1200,11,"C","C","A","US-50 E/B","15TH STREET",200,"W","N","2015-11-13",9252,"2015-11-01",1135,"017325",,"1","7","0","1",,"2","150","C","Y",,0,0,,,0,,,,"N",2,"A","-",22350,,"N","B","H","-","A","D","0","Y","B","07",0,0,1,0,0,0,0,0,0,"-","-","SACRAMENTO","SACRAMENTO","CA",-121.85081,38.78511
"90050268",0,0,2015,"3404","3","5","4","03",0,1,"A",,,,,,1500,10,"C","C","A","SR-51 N/B","AMERICAN RIVER BR",1500,"S","N","2015-11-13",9252,"2015-10-30",1405,"018424",,"2","7","0","1",,"2","193","-","Y",,0,0,,,0,,,,"N",2,"A","-",22350,,"N","A","H","-","A","D","0","Y","A","01",0,0,1,0,0,0,0,0,0,"-","-","SACRAMENTO","SACRAMENTO","CA",-121.45243,38.58536
"90050262",0,0,2015,"3404","1","6","4","07",0,1,"A",,,,,,1500,10,"B","C","A","I-5 S/B","CAPITOL MALL",25,"S","N","2015-11-13",9252,"2015-10-31",1215,"018155",,"1","7","0","1",,"2","108","-","Y",,0,0,,,0,,,,"Y",2,"A","-",21658,"A","N","A","H","-","A","D","0","Y","A","01",0,0,1,0,0,0,0,0,0,"-","-","SACRAMENTO","SACRAMENTO","CA",-121.50436,39.59166
"90050226",0,0,2015,"3400","3","5","4","03",0,2,"A",,,,"Y",,1500,10,"C","C","A","SR-99 N/B","MACK RD",500,"N","N","2015-11-13",9252,"2015-10-30",1225,"018233",,"1","9","0","1",,"2","192","-","Y",,0,0,,,0,,,,"Y",7,"A","-",22350,,"N","A","H","-","A","D","0","Y","F","26",0,0,2,0,0,0,0,0,0,"-","-","UNINCORPORATED","SACRAMENTO","CA",-121.42722,38.47862
"90050222",0,0,2015,"3404","1","2","4","07",0,1,"A",,,,,,1500,11,"B","C","A","I-5 S/B","CAPITOL MALL O/C",100,"N","N","2015-11-13",9252,"2015-11-03",1435,"017258",,"2","7","0","1",,"2","108","-","Y",,0,0,,,0,,,,"Y",3,"A","-",21658,"A","N","A","H","-","A","D","0","Y","A","01",0,0,1,0,0,0,0,0,0,"-","-","SACRAMENTO","SACRAMENTO","CA",-121.59612,38.57959
"90050211",0,0,2015,"3400","2","3","3","01",0,1,"A",,,,,"Y",2100,11,"D","C","A","US 50 E/B","BRADSHAW RD",5808,"W","N","2015-11-13",9260,"2015-11-11",1922,"014956",,"2","9","0","1",,"2","501","-","Y",,0,0,,,0,,,,"Y",2,"A","-",23152,"A","N","A","H","-","D","D","0","Y","A","07",0,1,0,0,0,0,0,0,0,"-","-","UNINCORPORATED","SACRAMENTO","CA",-121.35653,38.56098
"90050088",-121.3568593,38.6725646,2015,"3400","4","3","4","09",0,1,"A",,,,,,1200,11,"D","C","A","WALERGA RD.","HILLSDALE BLVD",50,"N","N","2015-11-12",9250,"2015-11-04",1030,"015423",,"1","9","0","2",,"1","013","-","N",,0,0,,,0,,,,"N",2,"A","-",21804,"A","N","A","H","-","A","D","0","Y","A","07",0,0,1,0,0,0,0,0,0,"-","-","UNINCORPORATED","SACRAMENTO","CA",0,0
"90050087",0,0,2015,"3400","4","3","4","03",0,1,"A",,,,,,900,11,"C","C","A","ELKHORN BLVD. ","GARFIELD AVE.",100,"W","N","2015-11-12",9250,"2015-11-04",815,"015423",,"1","9","0","2",,"1","014","-","N",,0,0,,,0,,,,"N",2,"A","-",22350,,"N","A","H","-","A","D","0","Y","D","22",0,0,1,0,0,0,0,0,0,"-","-","UNINCORPORATED","SACRAMENTO","CA",0,0
"90050076",-121.3644181,38.7039151,2015,"3400","5","1","4","03",0,1,"C",,,,,,1500,11,"C","C","A","ANTELOPE RD","WALERGA RD",10,"E","N","2015-11-12",9250,"2015-11-09",1320,"016363",,"1","9","0","3",,"2","010","-","N",,0,0,,,0,,,,"N",2,"A","-",22350,,"N","B","H","-","A","A","0","Y","A","01",0,0,1,0,0,0,0,0,0,"-","-","UNINCORPORATED","SACRAMENTO","CA",0,0
"90050074",-121.539541,38.6181348,2015,"3400","5","5","3","09",0,1,"A",,,,,,1800,10,"D","C","A","EL CENTRO RD","W. EL CAMINO AVE",620,"N","N","2015-11-12",9250,"2015-10-23",1525,"018774",,"2","9","0","3",,"2","090","-","N",,0,0,,,0,,,,"Y",2,"A","-",21804,"A","N","A","H","-","A","D","0","Y","D","22",0,1,0,0,0,0,0,0,0,"-","-","UNINCORPORATED","SACRAMENTO","CA",-121.53951,38.61827
"90050075",0,0,2015,"3400","1","2","4","08",0,1,"A",,,,,,1500,11,"F","A","A","INTERSTATE 80 EASTBOUND","FOOTHILL FARMS PEDESTRIAN O/C",600,"E","N","2015-11-12",9250,"2015-11-03",1440,"012602",,"2","9","0","1",,"2","184","-","Y",,0,0,,,0,,,,"Y",1,"A","-",22107,,"N","A","H","-","A","D","0","Y","A","07",0,0,1,0,0,0,0,0,0,"-","-","UNINCORPORATED","SACRAMENTO","CA",0,0
"90050071",0,0,2015,"3400","1","3","4","03",0,1,"A",,,,,,2100,11,"C","C","A","INTERSTATE 80 W/B","MADISON AVENUE",3000,"W","N","2015-11-12",9250,"2015-11-04",1810,"014142",,"2","9","0","1",,"2","183","-","Y",,0,0,,,0,,,,"Y",4,"A","-",22350,,"N","A","H","-","D","D","0","Y","I","11",0,0,1,0,0,0,0,0,0,"-","-","UNINCORPORATED","SACRAMENTO","CA",0,0
"90050062",-121.3645431,38.595595,2015,"3400","4","7","4","09",0,1,"C",,,,,"Y",2400,11,"D","C","A","ARDEN WAY","EASTERN AVE",0,,"Y","2015-11-12",9250,"2015-11-01",2150,"017397",,"2","9","0","2",,"1","046","-","N",,0,0,,,0,,,,"Y",2,"A","-",21453,"C","N","B","H","-","C","A","0","Y","A","01",0,0,1,0,0,0,0,0,0,"-","-","UNINCORPORATED","SACRAMENTO","CA",0,0
"90050012",-121.4948626,38.6467063,2015,"3400","5","5","3","08",0,3,"A",,,,"Y",,1800,10,"D","C","A","N MARKET BLVD","SIERRA POINT DR",420,"E","N","2015-11-12",9250,"2015-10-23",1703,"018774",,"2","9","0","3",,"2","080","-","N",,0,0,,,0,,,,"Y",2,"A","-",22100,"A","N","A","H","-","A","D","0","Y","G","25",0,1,2,0,0,0,0,0,0,"-","-","UNINCORPORATED","SACRAMENTO","CA",-121.49475,38.64662
"90049993",0,0,2015,"3400","5","2","4","03",0,1,"A",,,,,,900,10,"C","C","A","WALNUT AVE","LAURELWOOD DR",120,"N","N","2015-11-12",9250,"2015-10-20",735,"012470",,"1","9","0","3",,"2","050","-","N",,0,0,,,0,,,,"Y",4,"A","-",22350,,"N","A","H","-","A","D","0","Y","A","01",0,0,1,0,0,0,0,0,0,"-","-","UNINCORPORATED","SACRAMENTO","CA",0,0
"90049933",-121.3599831,38.5831651,2015,"3400","4","6","4","00",0,1,"A",,,,,,2100,10,"D","C","A","FAIR OAKS BLVD","SAVERIEN DR",0,,"Y","2015-11-12",9250,"2015-10-31",1830,"019090",,"2","9","0","2",,"1","053","-","N",,0,0,,,0,,,,"Y",2,"A","-",21453,,"N","A","H","-","C","A","0","Y","D","22",0,0,1,0,0,0,0,0,0,"-","-","UNINCORPORATED","SACRAMENTO","CA",-121.3598,38.5831
"90049930",0,0,2015,"3400","3","6","4","03",0,1,"A",,,,,,1200,10,"C","C","A","SR-99 N/B","41ST AVE",1056,"S","N","2015-11-12",9252,"2015-10-31",1131,"018159",,"1","9","0","1",,"2","192","-","Y",,0,0,,,0,,,,"Y",2,"A","-",22350,,"N","A","H","-","A","D","0","Y","A","01",0,0,1,0,0,0,0,0,0,"-","-","UNINCORPORATED","SACRAMENTO","CA",-121.46228,38.51523
"90049861",0,0,2015,"3490","2","4","4","03",0,2,"A",,,,,,2100,11,"C","C","A","US-50 W/B","MATHER FIELD RD",150,"E","N","2015-11-12",9260,"2015-11-05",1825,"018705",,"2","5","0","1",,"2","501","-","Y",,0,0,,,0,,,,"Y",3,"A","-",22350,,"N","A","H","-","D","D","0","Y","A","07",0,0,2,0,0,0,0,0,0,"-","-","RANCHO CORDOVA","SACRAMENTO","CA",-121.1827,38.3443
"90049855",-121.3644611,38.6635711,2015,"3400","4","4","4","03",0,1,"A",,,,,,900,10,"C","C","A","HILLSDALE BLVD","FRIZELL AVE",75,"N","N","2015-11-12",9250,"2015-10-29",740,"016957",,"1","9","0","2",,"1","017","-","N",,0,0,,,0,,,,"N",4,"A","-",22350,,"N","A","H","-","A","D","0","Y","A","01",0,0,1,0,0,0,0,0,0,"-","-","UNINCORPORATED","SACRAMENTO","CA",0,0
"90049850",-121.4805931,38.568235,2015,"3400","5","4","4","09",0,1,"A",,,,,,1500,10,"D","C","A","Q ST","22ND ST",0,,"Y","2015-11-12",9250,"2015-10-22",1210,"016957",,"1","9","0","3",,"2","060","-","N",,0,0,,,0,,,,"Y",2,"A","-",21802,"A","N","A","H","-","A","D","0","Y","A","07",0,0,1,0,0,0,0,0,0,"-","-","UNINCORPORATED","SACRAMENTO","CA",0,0
"90049841",-121.3399292,38.5635403,2015,"3400","5","5","4","03",0,2,"A",,,,,,2100,11,"C","C","A","MICRON AVE","BRADSHAW RD",1056,"W","N","2015-11-12",9260,"2015-11-06",1855,"018713",,"2","9","0","3",,"2","001","-","N",,0,0,,,0,,,,"N",2,"A","-",22350,,"N","A","H","-","C","D","0","Y","A","07",0,0,2,0,0,0,0,0,0,"-","-","UNINCORPORATED","SACRAMENTO","CA",-121.20311,38.33468
"90049810",-121.4852773,38.6604629,2015,"3400","5","1","3","01",0,1,"A",,,,,"Y",2400,10,"E","I","A","SORENTO RD","DEL PASO RD",1525,"N","N","2015-11-12",9250,"2015-10-19",2310,"017738",,"3","9","0","3",,"2","090","-","N",,0,0,,,0,,,,"Y",1,"A","-",23152,"A","M","A","H","-","C","D","0","Y","A","01",0,1,0,0,0,0,0,0,0,"-","-","UNINCORPORATED","SACRAMENTO","CA",0,0
"90049772",0,0,2015,"3400","4","3","2","12",0,5,"A",,,,,,1500,10,"D","C","A","CALVINE RD","SR-99 N/B TO CALVINE ROAD",0,,"Y","2015-11-12",9252,"2015-10-14",1405,"018167",,"2","9","1","2",,"2","073","-","Y",,0,0,,,0,,,,"Y",2,"A","-",21453,"A","N","A","H","-","A","A","0","Y","M","47",1,3,1,0,0,0,0,0,0,"-","-","UNINCORPORATED","SACRAMENTO","CA",-121.40816,38.45643
"90049744",-121.2256895,38.6776713,2015,"3400","4","2","3","09",0,2,"A",,,,,,1500,11,"D","C","A","HAZEL AVE","GREENBACK LN.",300,"S","N","2015-11-12",9260,"2015-11-03",1430,"012638",,"2","9","0","2",,"2","307","-","N",,0,0,,,0,,,,"Y",2,"A","-",21804,"A","N","A","H","-","A","D","0","Y","A","01",0,1,1,0,0,0,0,0,0,"-","-","UNINCORPORATED","SACRAMENTO","CA",0,0
"90049723",0,0,2015,"3400","3","4","3","03",0,1,"A",,,,,,1200,11,"C","C","A","SR-99 N/B","SHELDON RD",528,"N","N","2015-11-12",9252,"2015-11-05",940,"014561",,"1","9","0","1",,"2","191","-","Y",,0,0,,,0,,,,"Y",2,"A","-",22350,,"N","A","H","-","A","D","0","Y","A","01",0,1,0,0,0,0,0,0,0,"-","-","UNINCORPORATED","SACRAMENTO","CA",-121.4041,38.4438
"90049658",-121.0820858,38.4869003,2015,"3400","3","4","4","03",0,2,"A",,,,,,1800,11,"C","C","A","SR-16 ","MURIETA SOUTH PKY",280,"E","N","2015-11-12",9260,"2015-11-05",1725,"016429",,"2","9","0","1",,"2","116","-","Y",,0,0,,,0,,,,"Y",2,"A","-",22350,,"N","A","H","-","D","A","0","Y","A","07",0,0,2,0,0,0,0,0,0,"-","-","UNINCORPORATED","SACRAMENTO","CA",-121.0457,38.2912
"90049596",0,0,2015,"3400","1","5","3","07",0,1,"A",,,,,,1800,10,"B","C","A","I-5 N/B","HOOD FRANKLIN RD",2000,"S","N","2015-11-12",9252,"2015-10-30",1550,"018782",,"2","9","0","1",,"2","105","-","Y",,0,0,,,0,,,,"Y",2,"A","-",21658,"A","N","A","H","-","A","D","0","Y","A","01",0,1,0,0,0,0,0,0,0,"-","-","UNINCORPORATED","SACRAMENTO","CA",-121.47482,38.36707
"90049559",0,0,2015,"3400","4","5","4","03",0,1,"A",,,,,,1200,10,"C","C","A","CALVINE RD W/B","SR-99 N/B TO CALVINE RD",30,"W","N","2015-11-12",9252,"2015-10-30",1035,"018649",,"1","9","0","2",,"2","073","-","N",,0,0,,,0,,,,"N",3,"A","-",22350,,"N","A","H","-","A","D","0","Y","A","01",0,0,1,0,0,0,0,0,0,"-","-","UNINCORPORATED","SACRAMENTO","CA",-121.40853,38.4566
"90049553",0,0,2015,"3400","4","5","4","12",0,2,"A",,,,,,900,10,"D","C","A","CALVINE RD","KNIGHTSBRIDGE LN",1000,"E","N","2015-11-12",9252,"2015-10-30",720,"018649",,"1","9","0","2",,"2","073","-","N",,0,0,,,0,,,,"Y",2,"A","-",21453,"A","N","A","H","-","B","A","0","Y","A","01",0,0,2,0,0,0,0,0,0,"-","-","UNINCORPORATED","SACRAMENTO","CA",-121.34604,38.45278
"90049260",0,0,2015,"3400","3","4","4","03",0,2,"A",,,,,,1500,10,"C","C","A","SR-99 N/B","US-50",1056,"S","N","2015-11-12",9252,"2015-10-29",1420,"017869",,"2","9","0","1",,"2","192","-","Y",,0,0,,,0,,,,"Y",2,"A","-",22350,,"N","A","H","-","A","D","0","Y","A","01",0,0,2,0,0,0,0,0,0,"-","-","UNINCORPORATED","SACRAMENTO","CA",-121.97838,38.46284
"90048795",0,0,2015,"3404","2","5","3","08",0,1,"A",,,"Y",,,1200,10,"F","A","A","US-50 W/B","22ND ST",120,"W","N","2015-11-11",9252,"2015-10-30",1050,"014512",,"1","7","0","1",,"2","150","-","Y",,0,0,,,0,,,,"Y",1,"A","-",22107,,"N","A","H","-","A","D","0","Y","C","02",0,1,0,0,0,0,0,0,1,"-","-","SACRAMENTO","SACRAMENTO","CA",-121.48406,38.56146
"90048785",-121.406372,38.4591753,2015,"3400","4","1","4","03",0,1,"B",,,,,,1800,11,"C","C","A","EAST STOCKTON BLVD","POWER INN RD",185,"W","N","2015-11-11",9252,"2015-11-02",1640,"016747",,"2","9","0","2",,"2","073","-","N",,0,0,,,0,,,,"N",2,"A","-",22350,,"N","B","H","-","A","A","0","Y","A","07",0,0,1,0,0,0,0,0,0,"-","-","UNINCORPORATED","SACRAMENTO","CA",-121.4058,38.45935
"90048779",-121.426743,38.497375,2015,"3400","5","3","4","21",0,1,"A","Y",,,,,900,10,"G","B","B","SUNNYSLOPE DR","LINDALE DR",0,,"Y","2015-11-11",9252,"2015-10-21",830,"017134",,"1","9","0","3",,"2","070","-","N",,0,0,,,0,,,,"N",2,"A","-",22106,,"F","A","H","-","A","A","0","Y","-","99",0,0,1,0,1,0,0,0,0,"-","-","UNINCORPORATED","SACRAMENTO","CA",-121.58123,38.57124
"90048729",0,0,2015,"3400","3","4","4","03",0,1,"A",,,,,,900,10,"C","C","A","SR-99 N/B","MACK RD",700,"N","N","2015-11-11",9252,"2015-10-29",710,"018119",,"1","9","0","1",,"2","192","-","Y",,0,0,,,0,,,,"Y",5,"A","-",22350,,"N","A","H","-","A","D","0","Y","A","01",0,0,1,0,0,0,0,0,0,"-","-","UNINCORPORATED","SACRAMENTO","CA",-121.42491,38.47654
"90048694",-121.4087988,38.4837775,2015,"3400","4","7","4","01",0,1,"A",,,,,"Y",300,11,"E","I","A","POWER INN RD","MACFADDEN DR",81,"N","N","2015-11-11",9252,"2015-11-01",4,"019793",,"3","9","0","2",,"2","073","-","N",,0,0,,,0,,,,"Y",1,"A","-",23152,"A","N","A","H","-","C","D","0","Y","A","01",0,0,1,0,0,0,0,0,0,"-","-","UNINCORPORATED","SACRAMENTO","CA",-121.40883,38.48377
"90048395",-121.383144,38.7066757,2015,"3400","4","1","4","03",0,2,"B",,,,,,1800,11,"C","C","A","WATT AVE","BLACKFOOT WAY",275,"S","N","2015-11-10",9250,"2015-11-02",1705,"016957",,"2","9","0","2",,"1","011","-","N",,0,0,,,0,,,,"N",2,"A","-",22350,,"N","A","H","-","C","D","0","Y","A","01",0,0,2,0,0,0,0,0,0,"-","-","UNINCORPORATED","SACRAMENTO","CA",0,0
"90048327",-121.3749466,38.5532446,2015,"3400","4","2","3","03",0,1,"A",,,,,,1500,11,"C","A","A","FOLSOM BOULEVARD","WATT AVENUE",85,"E","N","2015-11-12",9260,"2015-11-03",1355,"018141",,"1","9","0","2",,"2","101","-","N",,0,0,,,0,,,,"Y",2,"A","-",22350,,"N","A","H","-","A","A","0","Y","A","07",0,1,0,0,0,0,0,0,0,"-","-","UNINCORPORATED","SACRAMENTO","CA",-121.3743,38.5537
"90048319",-121.3862068,38.7173364,2015,"3400","5","7","4","03",0,3,"A",,,,,,1800,11,"C","C","A","ELVERTA RD","PINEFIELD DR",50,"W","N","2015-11-10",9250,"2015-11-01",1720,"017818",,"2","9","0","3",,"2","010","-","N",,0,0,,,0,,,,"N",2,"A","-",22350,,"N","B","H","-","C","A","0","Y","A","07",0,0,3,0,0,0,0,0,0,"-","-","UNINCORPORATED","SACRAMENTO","CA",0,0
"90048275",0,0,2015,"3400","2","2","4","03",0,3,"A",,,,,,2100,11,"C","C","A","US-50 W/B","MATHER FIELD RD",1584,"E","N","2015-11-10",9260,"2015-11-03",1822,"017084",,"2","9","0","1",,"2","501","-","Y",,0,0,,,0,,,,"Y",4,"A","-",22350,,"N","A","H","-","D","A","0","Y","A","07",0,0,3,0,0,0,0,0,0,"-","-","UNINCORPORATED","SACRAMENTO","CA",-121.18078,38.34551
"90048132",-121.3517245,38.6929437,2015,"3400","5","1","4","05",0,1,"B",,"Y",,,,1800,11,"H","G","A","DON JULIO BLVD","ELKHORN BLVD",4,"N","N","2015-11-10",9250,"2015-11-02",1525,"015728",,"2","9","0","3",,"2","010","-","N",,0,0,,,0,,,,"N",2,"A","-",21650,,"N","A","H","-","A","A","0","Y","L","04",0,0,1,0,0,0,1,0,0,"-","-","UNINCORPORATED","SACRAMENTO","CA",0,0
"90048115",-121.141669,38.6061028,2015,"3400","5","6","3","03",0,1,"A",,,,,,900,10,"F","I","A","SCOTT RD","WHITE ROCK RD",4066,"S","N","2015-11-10",9260,"2015-10-31",753,"018456",,"1","9","0","3",,"2","001","-","N",,0,0,,,0,,,,"Y",1,"A","-",22350,,"N","A","H","-","A","B","0","Y","A","01",0,1,0,0,0,0,0,0,0,"-","-","UNINCORPORATED","SACRAMENTO","CA",-121.08299,38.36217
"90047946",-121.3831331,38.5740551,2015,"3404","5","5","3","12",0,3,"B",,,,,,2400,10,"D","C","A","WATT AVE.","FAIR OAKS BLVD.",0,,"Y","2015-11-10",9250,"2015-10-16",2200,"017862",,"3","7","0","3",,"2","040","-","N",,0,0,,,0,,,,"Y",3,"A","-",21453,"A","N","A","H","-","C","A","0","Y","D","22",0,1,2,0,0,0,0,0,0,"-","-","SACRAMENTO","SACRAMENTO","CA",0,0
"90047928",0,0,2015,"3404","2","4","4","08",0,1,"A",,,,,,1800,10,"E","I","A","US-50 E/B","15TH ST",50,"E","N","2015-11-10",9252,"2015-10-29",1657,"018723",,"2","7","0","1",,"2","150","-","Y",,0,0,,,0,,,,"Y",3,"A","-",22107,,"N","A","H","-","A","D","0","Y","A","01",0,0,1,0,0,0,0,0,0,"-","-","SACRAMENTO","SACRAMENTO","CA",-121.49338,38.56389
"90047891",0,0,2015,"3404","1","2","4","00",0,1,"A",,,,"Y",,1500,10,"C","C","A","I-5 S/B","P STREET",100,"N","N","2015-11-10",9252,"2015-10-27",1455,"018695",,"2","7","0","1",,"2","108","-","Y",,0,0,,,0,,,,"N",2,"D","-",0,,"N","A","H","-","A","D","0","Y","-","-",0,0,1,0,0,0,0,0,0,"-","-","SACRAMENTO","SACRAMENTO","CA",-121.50709,38.57783
"90047864",0,0,2015,"3450","3","5","4","01",0,1,"A",,,,,"Y",1800,11,"C","C","A","SR-99 N/B","SHELDON RD",2640,"S","N","2015-11-10",9252,"2015-11-06",1640,"018167",,"2","5","0","1",,"2","191","-","Y",,0,0,,,0,,,,"Y",2,"A","-",23152,"A","N","A","H","-","A","D","0","Y","A","01",0,0,1,0,0,0,0,0,0,"-","-","ELK GROVE","SACRAMENTO","CA",-121.39845,38.43058
"90047802",0,0,2015,"3404","3","4","4","03",0,1,"A",,,,,,1800,10,"C","C","A","STATE ROUTE (SR) 51 SOUTHBOUND","P STREET",1056,"S","N","2015-11-10",9252,"2015-10-29",1730,"015006",,"2","7","0","1",,"2","193","-","Y",,0,0,,,0,,,,"N",2,"A","-",22350,,"N","A","H","-","A","D","0","Y","A","01",0,0,1,0,0,0,0,0,0,"-","-","SACRAMENTO","SACRAMENTO","CA",0,0
"90047734",-121.4730928,38.5350516,2015,"3404","3","3","3","08",0,1,"A",,,,,"Y",2400,10,"E","I","A","SR-99 NB","21ST AVE",550,"N","N","2015-11-10",9252,"2015-10-28",2225,"018716",,"3","7","0","1",,"2","192","-","Y",,0,0,,,0,,,,"Y",1,"A","-",22107,,"N","A","H","-","E","D","0","Y","A","01",0,1,0,0,0,0,0,0,0,"-","-","SACRAMENTO","SACRAMENTO","CA",-121.47284,38.53513
"90047575",0,0,2015,"3404","2","6","4","03",0,2,"A",,,,,,1800,11,"C","C","A","US-50 E/B","15TH STREET",2680,"W","N","2015-11-10",9252,"2015-11-07",1741,"018435",,"2","7","0","1",,"2","150","-","Y",,0,0,,,0,,,,"Y",3,"A","-",22350,,"N","A","H","-","C","D","0","Y","A","01",0,0,2,0,0,0,0,0,0,"-","-","SACRAMENTO","SACRAMENTO","CA",-121.50596,38.56744
"90047561",-121.4415157,38.4956777,2015,"3400","4","6","4","08",0,1,"A",,,"Y",,,1800,11,"F","A","A","55TH STREET","FLORIN ROAD",200,"S","N","2015-11-10",9252,"2015-11-07",1514,"018435",,"2","9","0","2",,"1","072","-","N",,0,0,,,0,,,,"N",2,"A","-",22107,,"N","A","H","-","A","D","0","Y","C","02",0,0,1,0,0,0,0,0,1,"-","-","UNINCORPORATED","SACRAMENTO","CA",-121.44122,38.49484
"90047363",0,0,2015,"3400","2","4","4","07",0,1,"A",,,,,,1800,11,"B","C","A","US-50 W/B","BRADSHAW RD",700,"W","N","2015-11-09",9260,"2015-11-05",1720,"018705",,"2","9","0","1",,"2","501","-","Y",,0,0,,,0,,,,"Y",2,"A","-",21658,"A","N","A","H","-","C","D","0","Y","A","01",0,0,1,0,0,0,0,0,0,"-","-","UNINCORPORATED","SACRAMENTO","CA",-121.2018,38.3353
"90047327",-121.3830768,38.5946804,2015,"3400","4","4","4","03",0,2,"A",,,,,,1500,10,"C","C","A","WATT AVE","ARDEN WAY",395,"S","N","2015-11-09",9250,"2015-10-29",1220,"013284",,"1","9","0","2",,"1","045","-","N",,0,0,,,0,,,,"N",5,"A","-",22350,,"N","A","H","-","A","D","0","Y","D","22",0,0,2,0,0,0,0,0,0,"-","-","UNINCORPORATED","SACRAMENTO","CA",0,0
"90047263",0,0,2015,"3404","3","3","4","07",0,1,"A",,,,,,2400,10,"B","C","A","SR-99 N/B","12TH AVE",1584,"S","N","2015-11-09",9252,"2015-10-28",2224,"017132",,"3","7","0","1",,"2","192","-","Y",,0,0,,,0,,,,"Y",2,"A","-",21658,"A","F","A","H","-","D","D","0","Y","A","01",0,0,1,0,0,0,0,0,0,"-","-","SACRAMENTO","SACRAMENTO","CA",-121.47355,38.53713
"90047258",-121.4061534,38.5741004,2015,"3400","4","2","4","09",0,1,"A",,,,,,900,10,"D","C","A","FAIR OAKS BLVD","STEBBINS LN",100,"E","N","2015-11-09",9250,"2015-10-20",745,"013284",,"1","9","0","2",,"1","048","-","N",,0,0,,,0,,,,"Y",4,"A","-",21801,"A","N","A","H","-","A","D","0","Y","A","01",0,0,1,0,0,0,0,0,0,"-","-","UNINCORPORATED","SACRAMENTO","CA",0,0
"90047251",0,0,2015,"3400","4","1","4","10",0,1,"A","Y",,,,,1500,10,"G","B","B","AVONDALE AVE","ARDEN WAY",0,,"Y","2015-11-09",9250,"2015-10-26",1240,"013284",,"1","9","0","2",,"1","046","-","N",,0,0,,,0,,,,"N",2,"A","-",21950,"A","N","A","H","-","A","A","0","Y","A","01",0,0,1,0,1,0,0,0,0,"-","-","UNINCORPORATED","SACRAMENTO","CA",0,0
"90047040",-121.2722331,38.663815,2015,"3400","4","7","4","12",0,1,"B",,,,,,900,11,"A","C","A","MADISON AVE","SUNRISE BLVD",0,,"Y","2015-11-09",9260,"2015-11-01",755,"016352",,"1","9","0","2",,"2","301","-","N",,0,0,,,0,,,,"Y",2,"A","-",21453,"A","N","A","H","-","A","A","0","Y","A","01",0,0,1,0,0,0,0,0,0,"-","-","UNINCORPORATED","SACRAMENTO","CA",-121.27231,38.66346
"90046944",-121.4413435,38.4962251,2015,"3400","5","2","4","03",0,1,"A",,,,,,1500,10,"C","C","A","FLORIN RD.","55TH ST",60,"E","N","2015-11-17",9252,"2015-10-27",1200,"018155",,"1","9","0","3",,"2","070","-","Y",,0,0,,,0,,,,"N",3,"A","-",22350,,"N","A","H","-","A","D","0","Y","A","01",0,0,1,0,0,0,0,0,0,"-","-","UNINCORPORATED","SACRAMENTO","CA",-121.44123,38.49609
"90046932",-121.3783832,38.6179555,2015,"3400","5","7","4","05",0,1,"B",,"Y",,,,1200,10,"H","G","A","MONTCLAIRE STREET","MARCONI AVENUE",22,"N","N","2015-11-09",9250,"2015-10-18",1155,"017849",,"1","9","0","3",,"2","040","-","N",,0,0,,,0,,,,"N",2,"A","-",21202,"A","N","A","H","-","A","A","0","Y","L","04",0,0,1,0,0,0,1,0,0,"-","-","UNINCORPORATED","SACRAMENTO","CA",-121.37838,38.61783