"CASEID","POINT_X","POINT_Y","YEAR_","LOCATION","CHPTYPE","DAYWEEK","CRASHSEV","VIOLCAT","KILLED","INJURED","WEATHER1","PEDCOL","BICCOL","MCCOL","TRUCKCOL","ETOH","TIMECAT","MONTH_","CRASHTYP","INVOLVE","PED","PRIMARYRD","SECONDRD","DISTANCE","DIRECT","INTERSECT_","PROCDATE","JURIS","DATE_","TIME_","BADGE","JURIDIST","SHIFT","POP","SPECIAL","BEATTYPE","LAPDDIV","BEATCLAS","BEATNUMB","WEATHER2","STATEHW","CALTRANC","CALTRAND","STROUTE","ROUTESUF","POSTPRE","POSTMILE","LOCATYPE","RAMP","SIDEHW","TOWAWAY","PARTIES","PCF","VIOLCODE","VIOL","VIOLSUB","HITRUN","ROADSURF","RDCOND1","RDCOND2","LIGHTING","RIGHTWAY","CHPRDTYP","NOTPRIV","STFAULT","CHPFAULT","SEVINJ","OTHERINJ","COP","PEDKILL","PEDINJ","BICKILL","BICINJ","MCKILL","MCINJURE","RAMP1","RAMP2","CITY","COUNTY","STATE","X_CHP","Y_CHP"
"90046922",0,0,2015,"3400","4","5","4","03",0,1,"A",,,"Y",,,1200,10,"C","C","A","WATT AVE. (N/B)","FAIR OAKS BLVD",0,,"Y","2015-11-09",9250,"2015-10-16",1130,"015577",,"1","9","0","2",,"1","045","-","N",,0,0,,,0,,,,"N",2,"A","-",22350,,"N","A","H","-","A","D","0","Y","C","02",0,0,1,0,0,0,0,0,1,"-","-","UNINCORPORATED","SACRAMENTO","CA",0,0
"90046886",0,0,2015,"3400","3","2","4","08",0,1,"B",,,,,,900,10,"E","I","A","SR-99 S/B","47TH AVE",2640,"S","N","2015-11-09",9252,"2015-10-27",825,"014512",,"1","9","0","1",,"2","192","-","Y",,0,0,,,0,,,,"Y",1,"A","-",22107,,"N","A","H","-","A","D","0","Y","A","01",0,0,1,0,0,0,0,0,0,"-","-","UNINCORPORATED","SACRAMENTO","CA",-121.45662,38.50596
"90046863",0,0,2015,"3404","2","2","4","03",0,3,"B",,,,,,900,10,"C","C","A","US-50 E/B ","HORNET DR ",1056,"W","N","2015-11-09",9252,"2015-10-27",830,"014288",,"1","7","0","1",,"2","151","-","Y",,0,0,,,0,,,,"Y",4,"A","-",22350,,"N","A","H","-","A","D","0","Y","A","01",0,0,3,0,0,0,0,0,0,"-","-","SACRAMENTO","SACRAMENTO","CA",-121.42084,38.55087
"90046850",0,0,2015,"3404","3","1","4","03",0,1,"A",,,,,,1800,10,"C","C","A","SR-51 N/B","B STREET UNDERPASS",150,"S","N","2015-11-09",9252,"2015-10-26",1703,"018695",,"2","7","0","1",,"2","193","-","Y",,0,0,,,0,,,,"N",3,"A","-",22350,,"N","A","H","-","A","D","0","Y","A","08",0,0,1,0,0,0,0,0,0,"-","-","SACRAMENTO","SACRAMENTO","CA",-121.45682,38.58464
"90046839",-121.4475931,38.5196551,2015,"3400","4","1","4","09",0,1,"A",,,,,,1800,10,"D","C","A","DEWEY BLVD","37TH AVE",0,,"Y","2015-11-09",9252,"2015-10-26",1705,"018630",,"2","9","0","2",,"1","071","-","Y",,0,0,,,0,,,,"Y",2,"A","-",21802,"A","N","A","H","-","A","A","0","Y","A","01",0,0,1,0,0,0,0,0,0,"-","-","UNINCORPORATED","SACRAMENTO","CA",-121.44756,38.51967
"90046827",0,0,2015,"3404","2","1","4","03",0,1,"A",,,,,,1800,10,"C","C","A","US-50 E/B","39TH ST",100,"E","N","2015-11-09",9252,"2015-10-26",1600,"015718",,"2","7","0","1",,"2","151","-","Y",,0,0,,,0,,,,"N",2,"A","-",22350,,"N","A","H","-","A","D","0","Y","A","01",0,0,1,0,0,0,0,0,0,"-","-","SACRAMENTO","SACRAMENTO","CA",-121.45618,38.35971
"90046822",0,0,2015,"3400","3","1","4","03",0,1,"A",,,,,,900,10,"C","C","A","SR-99 S/B","DILLARD RD. ",2640,"N","N","2015-11-09",9252,"2015-10-26",805,"017325",,"1","9","0","1",,"2","190","-","Y",,0,0,,,0,,,,"Y",2,"A","-",22350,,"N","A","H","-","A","D","0","Y","D","22",0,0,1,0,0,0,0,0,0,"-","-","UNINCORPORATED","SACRAMENTO","CA",-121.85402,38.08711
"90046746",-121.3717845,38.4540379,2015,"3400","5","5","4","01",0,1,"A",,,,,,1800,10,"C","C","A","ELK GROVE FLORIN RD.","CALVINE RD",500,"N","N","2015-11-09",9252,"2015-10-30",1750,"018167",,"2","9","0","3",,"2","074","-","N",,0,0,,,0,,,,"Y",2,"A","-",23152,"E","N","A","H","-","A","D","0","Y","A","01",0,0,1,0,0,0,0,0,0,"-","-","UNINCORPORATED","SACRAMENTO","CA",-121.37181,38.45427
"90046733",0,0,2015,"3404","1","1","4","03",0,2,"A",,,,,,900,10,"C","C","A","I-5 S/B","CAPITOL MALL TFWY",150,"N","N","2015-11-09",9252,"2015-10-26",710,"013720",,"1","7","0","1",,"2","108","-","Y",,0,0,,,0,,,,"Y",4,"A","-",22350,,"N","A","H","-","A","D","0","Y","A","01",0,0,2,0,0,0,0,0,0,"-","-","SACRAMENTO","SACRAMENTO","CA",-121.50475,38.58088
"90046732",0,0,2015,"3400","5","1","3","08",0,2,"A",,,,,,1800,10,"D","C","A"," ANTELOPE NORTH RD","RIDGEPOINT DR",150,"N","N","2015-11-09",9250,"2015-10-26",1747,"019069",,"2","9","0","3",,"2","010","-","N",,0,0,,,0,,,,"Y",2,"A","-",22102,,"N","A","H","-","A","A","0","Y","A","01",0,1,1,0,0,0,0,0,0,"-","-","UNINCORPORATED","SACRAMENTO","CA",-121.32755,38.72031
"90046691",0,0,2015,"3400","1","2","4","08",0,1,"B",,,,,,1500,10,"B","C","A","I-80 E/B","LONGVIEW DR",3,"E","N","2015-11-09",9250,"2015-10-27",1200,"015272",,"1","9","0","1",,"2","182","-","Y",,0,0,,,0,,,,"Y",3,"A","-",22107,,"N","A","H","-","A","D","0","Y","A","01",0,0,1,0,0,0,0,0,0,"-","-","UNINCORPORATED","SACRAMENTO","CA",0,0
"90046685",-121.3547134,38.685024,2015,"3400","4","2","4","08",0,1,"A",,,,,,600,10,"E","I","A","ROSEVILLE RD","TACOMIC DR",300,"W","N","2015-11-09",9250,"2015-10-27",502,"018014",,"3","9","0","2",,"1","015","-","N",,0,0,,,0,,,,"Y",1,"A","-",22107,,"N","A","H","-","C","A","0","Y","A","01",0,0,1,0,0,0,0,0,0,"-","-","UNINCORPORATED","SACRAMENTO","CA",0,0
"90046659",0,0,2015,"3404","3","7","4","08",0,1,"A",,,,,,300,10,"D","C","A","SR-151 N/B","MARCONI AVE",200,"S","N","2015-11-09",9250,"2015-10-18",115,"019266",,"3","7","0","1",,"2","151","-","Y",,0,0,,,0,,,,"Y",2,"A","-",22107,,"N","A","H","-","C","D","0","Y","A","01",0,0,1,0,0,0,0,0,0,"-","-","SACRAMENTO","SACRAMENTO","CA",0,0
"90046655",-121.3379141,38.6579717,2015,"3400","5","1","4","03",0,1,"B",,,,,,1800,11,"C","C","A","GARFIELD AVENUE","MADISON AVENUE",1000,"S","N","2015-11-09",9250,"2015-11-02",1745,"014142",,"2","9","0","3",,"2","020","-","N",,0,0,,,0,,,,"N",2,"A","-",22350,,"N","A","H","-","C","D","0","Y","A","01",0,0,1,0,0,0,0,0,0,"-","-","UNINCORPORATED","SACRAMENTO","CA",0,0
"90046651",-121.3683933,38.7261084,2015,"3400","5","7","3","03",0,1,"B",,,,,,1800,11,"A","E","A","PEARL WOOD WAY","PEACH BLOSSOM WAY",50,"E","N","2015-11-09",9250,"2015-11-01",1616,"019069",,"2","9","0","3",,"2","010","-","N",,0,0,,,0,,,,"Y",2,"A","-",22350,,"N","B","H","-","A","A","0","Y","A","01",0,1,0,0,0,0,0,0,0,"-","-","UNINCORPORATED","SACRAMENTO","CA",-121.226,38.4334
"90046593",-121.6825202,38.1485865,2015,"3400","3","7","2","08",0,1,"A",,,,"Y",,900,10,"D","C","A","SR-160","SR-12",3168,"S","N","2015-11-09",9252,"2015-10-25",600,"018658",,"1","9","0","1",,"1","161","-","Y",,0,0,,,0,,,,"Y",2,"A","-",22107,,"N","A","H","-","D","D","0","Y","G","25",1,0,0,0,0,0,0,0,0,"-","-","UNINCORPORATED","SACRAMENTO","CA",-121.68302,38.14744
"90046587",0,0,2015,"3400","3","6","2","08",0,3,"B",,,,,,1800,10,"D","C","A","SR-99 N/B","FLORIN RD",424,"S","N","2015-11-09",9252,"2015-10-24",1605,"018788",,"2","9","0","1",,"2","192","-","Y",,0,0,,,0,,,,"Y",2,"A","-",22107,,"N","A","H","-","A","D","0","Y","A","01",1,0,2,0,0,0,0,0,0,"-","-","UNINCORPORATED","SACRAMENTO","CA",-121.44456,38.49494
"90046585",-121.441658,38.4962251,2015,"3400","4","6","4","07",0,2,"A",,,,,,2100,10,"B","C","A","FLROIN RD","55TH ST",30,"W","N","2015-11-09",9252,"2015-10-24",1905,"018782",,"2","9","0","2",,"2","073","-","N",,0,0,,,0,,,,"Y",4,"A","-",21658,"A","F","A","H","-","C","A","0","Y","A","08",0,0,2,0,0,0,0,0,0,"-","-","UNINCORPORATED","SACRAMENTO","CA",-121.44179,38.49614
"90046574",-121.365202,38.6102551,2015,"3400","4","4","4","03",0,2,"A",,,,,,1800,10,"C","C","A","EL CAMINO AVE","EASTERN AVE",200,"W","N","2015-11-09",9250,"2015-10-22",1540,"019069",,"2","9","0","2",,"1","044","-","N",,0,0,,,0,,,,"N",3,"A","-",22350,,"N","A","H","-","A","A","0","Y","A","01",0,0,2,0,0,0,0,0,0,"-","-","UNINCORPORATED","SACRAMENTO","CA",-121.36502,38.6102
"90046570",-121.4108644,38.5745151,2015,"3400","4","4","3","09",0,3,"A",,,,,,1800,10,"D","C","A","FAIR OAKS BLVD","FULTON AVE",1380,"W","N","2015-11-09",9250,"2015-10-22",1738,"019069",,"2","9","0","2",,"1","048","-","N",,0,0,,,0,,,,"Y",2,"A","-",21801,"A","N","A","H","-","A","A","0","Y","A","01",0,1,2,0,0,0,0,0,0,"-","-","UNINCORPORATED","SACRAMENTO","CA",-121.41085,38.57444
"90046564",-121.3542631,38.464075,2015,"3400","5","3","3","01",0,2,"A",,,,,"Y",2100,10,"A","C","A","WATERMAN RD","VINTAGE PARK DR",0,,"Y","2015-11-09",9252,"2015-10-21",1839,"018723",,"2","9","0","3",,"2","074","-","N",,0,0,,,0,,,,"Y",2,"A","-",23152,"A","N","A","H","-","B","A","0","Y","A","01",0,1,1,0,0,0,0,0,0,"-","-","UNINCORPORATED","SACRAMENTO","CA",-121.3542,38.454
"90046562",-121.3779313,38.6635557,2015,"3400","4","3","3","05",0,1,"A",,"Y",,,,1800,10,"H","G","A","ROSEVILLE RD","AIRBASE DR",376,"N","N","2015-11-09",9250,"2015-10-21",1508,"019069",,"2","9","0","2",,"1","015","-","N",,0,0,,,0,,,,"N",2,"A","-",21650,,"N","A","H","-","A","A","0","Y","L","04",0,1,0,0,0,0,1,0,0,"-","-","UNINCORPORATED","SACRAMENTO","CA",-121.224,38.3949
"90046559",-121.7062162,38.0903721,2015,"3400","3","6","2","08",0,1,"B",,,,,,900,10,"E","I","A","SR-160","SHERMAN ISLAND LEVEE RD",528,"N","N","2015-11-09",9252,"2015-10-24",745,"018893",,"1","9","0","1",,"1","161","-","Y",,0,0,,,0,,,,"Y",1,"A","-",22107,,"N","A","H","-","A","D","0","Y","A","01",1,0,0,0,0,0,0,0,0,"-","-","UNINCORPORATED","SACRAMENTO","CA",-121.73747,38.06176
"90046543",0,0,2015,"3400","3","3","4","03",0,1,"A",,,,,,1200,10,"C","C","A","SR-99 N/B","CALVINE ROAD O/C",200,"S","N","2015-11-09",9252,"2015-10-14",1020,"016895",,"1","9","0","1",,"2","191","-","Y",,0,0,,,0,,,,"Y",4,"A","-",22350,,"N","A","H","-","A","D","0","Y","D","22",0,0,1,0,0,0,0,0,0,"-","-","UNINCORPORATED","SACRAMENTO","CA",-121.4095,38.45511
"90046180",0,0,2015,"3490","2","2","4","03",0,1,"A",,,,,,1800,11,"C","C","A","US 50 E/B","ZINFANDEL DR",1000,"W","N","2015-11-06",9260,"2015-11-03",1605,"013147",,"2","5","0","1",,"2","501","-","Y",,0,0,,,0,,,,"Y",2,"A","-",22350,,"N","A","H","-","A","D","0","Y","A","08",0,0,1,0,0,0,0,0,0,"-","-","RANCHO CORDOVA","SACRAMENTO","CA",0,0
"90046061",0,0,2015,"3400","5","5","2","09",0,1,"A",,,,,,1800,10,"D","C","A","STABLEGATE ROAD","CLAY STATION RD",0,,"Y","2015-11-06",9252,"2015-10-02",1635,"014570",,"2","9","0","3",,"2","080","-","N",,0,0,,,0,,,,"Y",2,"A","-",21801,"A","N","A","H","-","A","A","0","Y","A","07",1,0,0,0,0,0,0,0,0,"-","-","UNINCORPORATED","SACRAMENTO","CA",-121.17981,38.41587
"90046002",-121.3286125,38.6172696,2015,"3400","4","2","2","09",0,2,"A",,,"Y",,,900,9,"D","C","A","FAIR OAKS BLVD","MARCONI AVE",100,"N","N","2015-11-06",9250,"2015-09-08",725,"014845",,"1","9","0","2",,"1","053","-","N",,0,0,,,0,,,,"Y",2,"A","-",21801,"B","N","A","H","-","A","A","0","Y","C","02",1,0,1,0,0,0,0,0,1,"-","-","UNINCORPORATED","SACRAMENTO","CA",0,0
"90045999",0,0,2015,"3404","3","7","4","03",0,2,"A",,,,,,1500,10,"C","C","A","SR-51 N/B","H ST",200,"S","N","2015-11-06",9252,"2015-10-25",1330,"018119",,"1","7","0","1",,"2","193","-","Y",,0,0,,,0,,,,"Y",3,"A","-",22350,,"N","A","H","-","A","D","0","Y","D","22",0,0,2,0,0,0,0,0,0,"-","-","SACRAMENTO","SACRAMENTO","CA",-121.46765,38.57243
"90045992",0,0,2015,"3400","5","7","3","08",0,2,"B",,,,,,1800,11,"F","A","A","GOLD COUNTRY BLVD","TRIBUTARY CROSSING DR",100,"W","N","2015-11-06",9260,"2015-11-01",1630,"016429",,"2","9","0","3",,"2","001","-","N",,0,0,,,0,,,,"Y",1,"A","-",22107,,"N","A","H","-","A","D","0","Y","A","07",0,2,0,0,0,0,0,0,0,"-","-","UNINCORPORATED","SACRAMENTO","CA",0,0
"90045947",0,0,2015,"3400","1","7","4","03",0,1,"C",,,,,,2100,11,"E","I","A","I-80 (W/B) FROM NORTHGATE BLVD (N/B)","NORTHGATE BLVD",260,"E","N","2015-11-06",9250,"2015-11-01",1845,"019133",,"2","9","0","1",,"2","187","-","Y",,0,0,,,0,,,,"Y",1,"A","-",22350,,"N","B","H","-","C","D","0","Y","A","01",0,0,1,0,0,0,0,0,0,"-","-","UNINCORPORATED","SACRAMENTO","CA",-121.47677,38.64095
"90045875",-121.5277731,38.266555,2015,"3400","5","7","3","09",0,2,"A",,,,,"Y",2100,10,"D","C","A","TWIN CITIES ROAD","RIVER ROAD",0,,"Y","2015-11-06",9252,"2015-10-25",1910,"018695",,"2","9","0","3",,"2","090","-","N",,0,0,,,0,,,,"Y",2,"A","-",21801,"A","N","A","H","-","D","A","0","Y","A","07",0,1,1,0,0,0,0,0,0,"-","-","UNINCORPORATED","SACRAMENTO","CA",-121.52773,38.26664
"90045841",-121.3455928,38.70371,2015,"3400","4","5","3","01",0,2,"B",,,,,"Y",2400,10,"C","C","A","ANTELOPE RD","DON JULIO BLVD",100,"E","N","2015-11-06",9250,"2015-10-16",2245,"019169",,"3","9","0","2",,"1","012","-","N",,0,0,,,0,,,,"Y",3,"A","-",23152,"A","N","B","H","-","D","D","0","Y","A","07",0,1,1,0,0,0,0,0,0,"-","-","UNINCORPORATED","SACRAMENTO","CA",0,0
"90045775",0,0,2015,"3400","2","2","4","03",0,2,"A",,,,,,1800,11,"C","C","A","US-50 E/B","BIDWELL ST",1584,"W","N","2015-11-05",9260,"2015-11-03",1732,"017084",,"2","9","0","1",,"2","502","-","Y",,0,0,,,0,,,,"Y",2,"A","-",22350,,"N","A","H","-","D","A","0","Y","A","01",0,0,2,0,0,0,0,0,0,"-","-","UNINCORPORATED","SACRAMENTO","CA",-121.07409,38.38331
"90045758",0,0,2015,"3490","2","2","4","03",0,1,"A",,,,,,2100,11,"C","C","A","U.S. 50 W/B","MATHER FIELD RD",500,"E","N","2015-11-05",9260,"2015-11-03",1825,"016328",,"2","5","0","1",,"2","501","-","Y",,0,0,,,0,,,,"Y",2,"A","-",22350,,"N","A","H","-","A","D","0","Y","A","01",0,0,1,0,0,0,0,0,0,"-","-","RANCHO CORDOVA","SACRAMENTO","CA",0,0
"90045716",-121.2722598,38.6626894,2015,"3400","4","2","4","03",0,1,"A",,,,,,1200,11,"C","C","A","SUNRISE BLVD","MADISON AVENUE",410,"S","N","2015-11-05",9260,"2015-11-03",1135,"015944",,"1","9","0","2",,"2","301","-","N",,0,0,,,0,,,,"N",2,"A","-",22350,,"N","A","H","-","A","A","0","Y","D","22",0,0,1,0,0,0,0,0,0,"-","-","UNINCORPORATED","SACRAMENTO","CA",0,0
"90045687",0,0,2015,"3400","4","2","2","01",0,1,"A","Y",,,,"Y",2400,10,"E","I","E","FAIR OAKS BLVD (NORTHBOUND)","SHIRLEY AVENUE",45,"S","N","2015-12-21",9250,"2015-10-20",2350,"014532",,"3","9","0","2",,"1","053","-","N",,0,0,,,0,,,,"N",2,"A","-",23152,"A","F","A","H","-","C","C","0","Y","A","01",1,0,0,0,1,0,0,0,0,"-","-","UNINCORPORATED","SACRAMENTO","CA",0,0
"90045617",0,0,2015,"3400","2","2","2","03",0,3,"A",,,,,,2100,11,"C","C","A","US-50 W/B","MATHER FIELD RD",1584,"W","N","2015-11-05",9260,"2015-11-03",1815,"014956",,"2","9","0","1",,"2","501","-","Y",,0,0,,,0,,,,"Y",3,"A","-",22350,,"N","A","H","-","D","D","0","Y","A","01",1,0,2,0,0,0,0,0,0,"-","-","UNINCORPORATED","SACRAMENTO","CA",-121.31367,38.57637
"90045583",0,0,2015,"3490","2","2","3","11",0,1,"A","Y",,,,,900,11,"G","B","D","US 50 W/B FROM SUNRISE BLVD S/B","US 50 W/B",845,"N","N","2015-11-05",9260,"2015-11-03",630,"013147",,"1","5","0","1",,"2","502","-","Y",,0,0,,,0,,,,"N",2,"A","-",21954,"A","N","A","H","-","A","D","0","Y","N","60",0,1,0,0,1,0,0,0,0,"-","-","RANCHO CORDOVA","SACRAMENTO","CA",0,0
"90045473",-121.429533,38.7144651,2015,"3400","4","3","4","09",0,2,"A",,,,,,900,10,"A","C","A","ELVERTA RD.","16TH ST",0,,"Y","2015-11-05",9250,"2015-10-21",750,"015423",,"1","9","0","2",,"1","062","-","N",,0,0,,,0,,,,"Y",2,"A","-",21801,"A","N","A","H","-","A","D","0","Y","A","01",0,0,2,0,0,0,0,0,0,"-","-","UNINCORPORATED","SACRAMENTO","CA",0,0
"90045393",-121.3505632,38.657565,2015,"3400","4","2","3","11",0,1,"A","Y",,,,,1500,11,"G","B","B","AUBURN BLVD.","COLLEGE OAK DR",0,,"Y","2015-11-05",9250,"2015-11-03",1430,"013736",,"2","9","0","2",,"1","021","-","N",,0,0,,,0,,,,"N",2,"A","-",21456,"B","N","A","H","-","A","A","0","Y","N","60",0,1,0,0,1,0,0,0,0,"-","-","UNINCORPORATED","SACRAMENTO","CA",0,0
"90044908",0,0,2015,"3404","3","1","3","08",0,1,"A",,,,,,1200,10,"E","I","A","SR-51 N/B","EL CAMINO AVE",345,"N","N","2015-11-04",9250,"2015-10-26",1030,"015272",,"1","7","0","1",,"2","151","-","Y",,0,0,,,0,,,,"Y",1,"A","-",22107,,"N","A","H","-","A","D","0","Y","A","07",0,1,0,0,0,0,0,0,0,"-","-","SACRAMENTO","SACRAMENTO","CA",0,0
"90044905",0,0,2015,"3404","3","1","2","08",0,2,"A",,,,,,900,10,"E","I","A","SR-99 N/B","ELKHORN BLVD",1115,"N","N","2015-11-04",9250,"2015-10-26",740,"015272",,"1","7","0","1",,"1","193","-","Y",,0,0,,,0,,,,"Y",1,"A","-",22107,,"N","A","H","-","A","D","0","Y","A","01",1,0,1,0,0,0,0,0,0,"-","-","SACRAMENTO","SACRAMENTO","CA",0,0
"90044902",0,0,2015,"3400","4","3","3","08",0,1,"A",,,"Y",,,1500,10,"E","I","A"," HOWE AVE S/B","ENTERPRISE DR",50,"S","N","2015-11-04",9250,"2015-10-28",1200,"014845",,"1","9","0","2",,"1","041","-","N",,0,0,,,0,,,,"Y",1,"A","-",22107,,"N","A","H","-","A","A","0","Y","C","02",0,1,0,0,0,0,0,0,1,"-","-","UNINCORPORATED","SACRAMENTO","CA",0,0
"90044830",0,0,2015,"3400","3","3","4","03",0,1,"A",,,,,,900,10,"C","C","A","SR-99 S/B","ELKHORN BLVD",300,"N","N","2015-11-04",9250,"2015-10-21",647,"014810",,"1","9","0","1",,"1","193","-","Y",,0,0,,,0,,,,"Y",3,"A","-",22350,,"N","A","H","-","A","D","0","Y","D","22",0,0,1,0,0,0,0,0,0,"-","-","UNINCORPORATED","SACRAMENTO","CA",0,0
"90044825",0,0,2015,"3404","1","4","4","03",0,1,"A",,,,,,900,10,"C","C","A","I-5 S/B","ARENA BLVD.",100,"N","N","2015-11-04",9250,"2015-10-22",712,"014810",,"1","7","0","1",,"2","106","-","Y",,0,0,,,0,,,,"Y",3,"A","-",22350,,"N","A","H","-","A","D","0","Y","A","07",0,0,1,0,0,0,0,0,0,"-","-","SACRAMENTO","SACRAMENTO","CA",0,0
"90044575",-121.2715667,38.6395846,2015,"3400","4","6","4","03",0,1,"A",,,,,,2100,10,"C","C","A","SUNRISE BLVD","FAIR OAKS BLVD",210,"S","N","2015-11-04",9260,"2015-10-31",1825,"018532",,"2","9","0","2",,"2","301","-","N",,0,0,,,0,,,,"Y",2,"A","-",22350,,"N","A","H","-","B","D","0","Y","A","01",0,0,1,0,0,0,0,0,0,"-","-","UNINCORPORATED","SACRAMENTO","CA",0,0
"90044498",0,0,2015,"3400","2","6","3","08",0,1,"A",,,"Y",,,1200,10,"E","I","A","US-50 E/B FROM SUNRISE BLVD S/B","SUNRISE BLVD",100,"W","N","2015-11-04",9260,"2015-10-31",1135,"016429",,"1","9","0","1",,"2","502","-","Y",,0,0,,,0,,,,"N",1,"A","-",22107,,"N","A","H","-","A","D","0","Y","C","02",0,1,0,0,0,0,0,0,1,"-","-","UNINCORPORATED","SACRAMENTO","CA",0,0
"90044434",-121.4107432,38.5992817,2015,"3400","5","3","3","09",0,1,"A",,,,,,1200,10,"D","C","A","BELL STREET","WYDA WAY",227,"S","N","2015-11-04",9250,"2015-10-07",1035,"013299",,"1","9","0","3",,"2","040","-","N",,0,0,,,0,,,,"N",2,"A","-",21804,"A","N","A","H","-","A","D","0","Y","A","01",0,1,0,0,0,0,0,0,0,"-","-","UNINCORPORATED","SACRAMENTO","CA",0,0
"90044361",-121.4129531,38.487195,2015,"3400","4","7","4","08",0,1,"B",,,,,,900,10,"C","E","A","FLORINDA WAY","CAMROSE WAY",0,,"Y","2015-11-04",9252,"2015-10-25",755,"018649",,"1","9","0","2",,"2","073","-","N",,0,0,,,0,,,,"Y",2,"A","-",22107,,"N","A","H","-","A","D","0","Y","A","01",0,0,1,0,0,0,0,0,0,"-","-","UNINCORPORATED","SACRAMENTO","CA",-121.413,38.48706
"90044355",-121.3755848,38.6922381,2015,"3400","4","2","4","03",0,1,"A",,,,,,1800,11,"C","C","A","ELKHORN BOULEVARD","THOMAS DRIVE",25,"E","N","2015-11-04",9250,"2015-11-03",1540,"016731",,"2","9","0","2",,"1","014","-","N",,0,0,,,0,,,,"N",2,"A","-",22350,,"N","A","H","-","A","A","0","Y","A","01",0,0,1,0,0,0,0,0,0,"-","-","UNINCORPORATED","SACRAMENTO","CA",-121.37583,38.69249
"90044317",-121.2715843,38.6396797,2015,"3400","4","4","4","21",0,1,"A",,,,,,1500,10,"C","C","A","SUNRISE BLVD","FAIR OAKS BLVD",175,"S","N","2015-11-04",9260,"2015-10-29",1253,"017084",,"1","9","0","2",,"2","301","-","N",,0,0,,,0,,,,"Y",2,"A","-",22106,,"N","A","H","-","A","D","0","Y","D","22",0,0,1,0,0,0,0,0,0,"-","-","UNINCORPORATED","SACRAMENTO","CA",-121.16181,38.38216
"90044274",-121.3148559,38.7180172,2015,"3400","4","2","3","08",0,1,"A",,,,,,2100,10,"F","I","A","ROSEVILLE RD","BUTTERNUT DR",300,"S","N","2015-11-04",9250,"2015-10-13",1950,"016363",,"2","9","0","2",,"1","015","-","N",,0,0,,,0,,,,"Y",1,"A","-",22107,,"N","A","H","-","D","D","0","Y","A","01",0,1,0,0,0,0,0,0,0,"-","-","UNINCORPORATED","SACRAMENTO","CA",0,0
"90044267",-121.3644531,38.7039151,2015,"3400","4","1","4","08",0,2,"A",,,,,,1800,8,"B","C","A","WALERGA RD","ANTELOPE RD",0,,"Y","2015-11-04",9250,"2015-08-31",1740,"016363",,"2","9","0","2",,"1","013","-","N",,0,0,,,0,,,,"N",2,"A","-",22100,"B","F","A","H","-","A","A","0","Y","A","07",0,0,2,0,0,0,0,0,0,"-","-","UNINCORPORATED","SACRAMENTO","CA",0,0
"90044222",-121.2256957,38.6687292,2015,"3400","4","4","4","03",0,2,"A",,,,,,1500,10,"C","C","A","HAZEL AVE","LANCE AVE",75,"S","N","2015-11-04",9260,"2015-10-29",1415,"013664",,"2","9","0","2",,"2","307","-","N",,0,0,,,0,,,,"N",2,"A","-",22350,,"N","A","H","-","A","D","0","Y","A","01",0,0,2,0,0,0,0,0,0,"-","-","UNINCORPORATED","SACRAMENTO","CA",0,0
"90044161",-121.336303,38.5635451,2015,"3400","4","1","4","12",0,1,"A",,,,,,2400,10,"D","C","A","BRADSHAW ROAD","MICRON AVE",0,,"Y","2015-11-05",9260,"2015-10-26",2230,"015944",,"3","9","0","2",,"2","101","-","N",,0,0,,,0,,,,"Y",2,"A","-",21453,"A","N","A","H","-","C","A","0","Y","A","01",0,0,1,0,0,0,0,0,0,"-","-","UNINCORPORATED","SACRAMENTO","CA",-121.33634,38.56353
"90044166",-121.4714831,38.523675,2015,"3400","4","4","4","09",0,1,"A",,,,,,1800,10,"D","C","A","FRANKLIN BLVD","32ND AVE",0,,"Y","2015-11-04",9252,"2015-10-22",1645,"017869",,"2","9","0","2",,"1","072","-","N",,0,0,,,0,,,,"Y",2,"A","-",21802,"A","N","A","H","-","A","A","0","Y","D","22",0,0,1,0,0,0,0,0,0,"-","-","UNINCORPORATED","SACRAMENTO","CA",-121.47211,38.52511
"90044158",0,0,2015,"3400","3","7","2","01",0,2,"A",,,,,"Y",300,11,"F","A","A","SR-99 NB","CALVINE RD O/C",1260,"S","N","2015-11-09",9252,"2015-11-01",100,"019821",,"3","9","0","1",,"2","191","-","Y",,0,0,,,0,,,,"Y",1,"A","-",23152,"A","N","A","H","-","C","D","0","Y","A","07",1,1,0,0,0,0,0,0,0,"-","-","UNINCORPORATED","SACRAMENTO","CA",-121.40864,38.45377
"90044134",-121.2257323,38.4997455,2015,"3400","5","5","4","03",0,1,"A",,,,,,1800,10,"C","C","A","GRANT LINE RD","JACKSON RD",1056,"W","N","2015-11-04",9252,"2015-10-23",1745,"017869",,"2","9","0","3",,"2","080","-","N",,0,0,,,0,,,,"Y",2,"A","-",22350,,"N","A","H","-","A","D","0","Y","E","22",0,0,1,0,0,0,0,0,0,"-","-","UNINCORPORATED","SACRAMENTO","CA",0,0
"90044067",0,0,2015,"3400","3","5","4","03",0,1,"A",,,,,,2100,10,"C","C","A","SR-51","EXPOSITION BLVD (OVER-CROSSING)",200,"S","N","2015-11-04",9250,"2015-10-23",1804,"018766",,"2","9","0","1",,"2","151","-","Y",,0,0,,,0,,,,"N",2,"A","-",22350,,"N","A","H","-","B","D","0","Y","A","01",0,0,1,0,0,0,0,0,0,"-","-","UNINCORPORATED","SACRAMENTO","CA",0,0