"CASEID","POINT_X","POINT_Y","YEAR_","LOCATION","CHPTYPE","DAYWEEK","CRASHSEV","VIOLCAT","KILLED","INJURED","WEATHER1","PEDCOL","BICCOL","MCCOL","TRUCKCOL","ETOH","TIMECAT","MONTH_","CRASHTYP","INVOLVE","PED","PRIMARYRD","SECONDRD","DISTANCE","DIRECT","INTERSECT_","PROCDATE","JURIS","DATE_","TIME_","BADGE","JURIDIST","SHIFT","POP","SPECIAL","BEATTYPE","LAPDDIV","BEATCLAS","BEATNUMB","WEATHER2","STATEHW","CALTRANC","CALTRAND","STROUTE","ROUTESUF","POSTPRE","POSTMILE","LOCATYPE","RAMP","SIDEHW","TOWAWAY","PARTIES","PCF","VIOLCODE","VIOL","VIOLSUB","HITRUN","ROADSURF","RDCOND1","RDCOND2","LIGHTING","RIGHTWAY","CHPRDTYP","NOTPRIV","STFAULT","CHPFAULT","SEVINJ","OTHERINJ","COP","PEDKILL","PEDINJ","BICKILL","BICINJ","MCKILL","MCINJURE","RAMP1","RAMP2","CITY","COUNTY","STATE","X_CHP","Y_CHP"
"90028334",-121.556833,38.2037249,2015,"3400","5","5","4","08",0,1,"A",,,,,,1500,9,"E","I","A","ISLETON RD","ANDRUS ISLAND RD",0,,"Y","2015-10-19",9252,"2015-09-25",1345,"018788",,"1","9","0","3",,"2","090","-","N",,0,0,,,0,,,,"Y",1,"A","-",22107,,"N","A","H","-","A","D","0","Y","A","01",0,0,1,0,0,0,0,0,0,"-","-","UNINCORPORATED","SACRAMENTO","CA",-121.55673,38.20384
"90028234",-121.3086031,38.6652551,2015,"3400","5","7","4","09",0,1,"A",,,,,,1800,10,"D","C","A","DEWEY DR","TEMPLETON DR",0,,"Y","2015-10-19",9250,"2015-10-04",1755,"019069",,"2","9","0","3",,"2","020","-","N",,0,0,,,0,,,,"N",2,"A","-",21801,"A","N","A","H","-","A","A","0","Y","A","07",0,0,1,0,0,0,0,0,0,"-","-","UNINCORPORATED","SACRAMENTO","CA",-121.30861,38.66523
"90028179",0,0,2015,"3400","4","2","4","08",0,2,"A",,,,,,1500,9,"E","I","A","ELKHORN BOULEVARD W/B","26TH ST",175,"W","N","2015-10-19",9250,"2015-09-01",1433,"015518",,"2","9","0","2",,"1","064","-","N",,0,0,,,0,,,,"Y",2,"A","-",22107,,"N","A","H","-","A","D","0","Y","B","07",0,0,2,0,0,0,0,0,0,"-","-","UNINCORPORATED","SACRAMENTO","CA",0,0
"90028145",-121.3875531,38.669595,2015,"3400","5","1","3","12",0,2,"A",,,,,,1800,9,"D","C","A","JAMES WAY","DUDLEY BOULEVARD",0,,"Y","2015-10-19",9250,"2015-09-21",1535,"016731",,"2","9","0","3",,"2","060","-","N",,0,0,,,0,,,,"Y",2,"A","-",22450,"A","N","A","H","-","A","D","0","Y","A","01",0,1,1,0,0,0,0,0,0,"-","-","UNINCORPORATED","SACRAMENTO","CA",-121.38752,38.66864
"90028115",-121.4154563,38.5777523,2015,"3400","4","4","3","03",0,1,"A",,,,,,1800,10,"C","C","A","HOWE AVE","FEATURE DR",50,"N","N","2015-10-19",9250,"2015-10-01",1700,"019090",,"2","9","0","2",,"1","041","-","N",,0,0,,,0,,,,"Y",2,"A","-",22350,,"N","A","H","-","A","D","0","Y","A","01",0,1,0,0,0,0,0,0,0,"-","-","UNINCORPORATED","SACRAMENTO","CA",-121.4154,38.5768
"90028106",-121.4107311,38.5816151,2015,"3400","5","5","3","11",0,1,"A","Y",,,,,2100,9,"G","B","D","NORTHROP AVE","BELL ST",8,"W","N","2015-10-19",9250,"2015-09-18",1827,"015917",,"2","9","0","3",,"2","040","-","N",,0,0,,,0,,,,"N",2,"A","-",21955,,"N","A","H","-","A","A","0","Y","N","60",0,1,0,0,1,0,0,0,0,"-","-","UNINCORPORATED","SACRAMENTO","CA",-121.41074,38.58176
"90028075",-121.3519682,38.6101217,2015,"3400","4","1","4","09",0,1,"A",,,,,,1500,10,"D","C","A","EL CAMINO AVE","LANDWOOD WAY",50,"E","N","2015-10-19",9250,"2015-10-05",1405,"015728",,"2","9","0","2",,"1","054","-","N",,0,0,,,0,,,,"Y",2,"A","-",21804,"A","N","A","H","-","A","D","0","Y","A","01",0,0,1,0,0,0,0,0,0,"-","-","UNINCORPORATED","SACRAMENTO","CA",0,0
"90028051",-121.451068,38.500651,2015,"3400","3","3","4","07",0,2,"A",,,,,,2100,9,"B","C","A","SR-99","FLORIN RD.",2112,"N","N","2015-10-19",9252,"2015-09-23",1910,"014833",,"2","9","0","1",,"2","192","-","Y",,0,0,,,0,,,,"Y",3,"A","-",21658,"A","N","A","H","-","C","D","0","Y","A","01",0,0,2,0,0,0,0,0,0,"-","-","UNINCORPORATED","SACRAMENTO","CA",-121.45147,38.50134
"90028001",0,0,2015,"3404","1","4","3","03",0,2,"B",,,,,,900,9,"C","C","A","I-5 N/B","SEAMAS AVE",1584,"N","N","2015-10-19",9252,"2015-09-24",650,"018159",,"1","7","0","1",,"2","107","-","Y",,0,0,,,0,,,,"Y",2,"A","-",22350,,"N","A","H","-","A","D","0","Y","A","07",0,2,0,0,0,0,0,0,0,"-","-","SACRAMENTO","SACRAMENTO","CA",-121.51752,38.532
"90027967",-121.4475887,38.5355784,2015,"3400","4","1","3","01",0,1,"A",,,,,,2400,10,"B","C","A","STOCKTON BOULEVARD","PARKER AVENUE",128,"N","N","2015-10-19",9252,"2015-10-05",2313,"017099",,"3","9","0","2",,"1","071","-","N",,0,0,,,0,,,,"Y",2,"A","-",23152,"E","N","A","H","-","C","D","0","Y","A","01",0,1,0,0,0,0,0,0,0,"-","-","UNINCORPORATED","SACRAMENTO","CA",-121.44769,38.53555
"90027932",0,0,2015,"3400","5","4","4","09",0,2,"A",,,,,,2400,9,"D","C","A","BRADSHAW RD","BALLINGER DR.",0,,"Y","2015-10-19",9252,"2015-09-24",2206,"019787",,"3","9","0","3",,"2","074","-","Y",,0,0,,,0,,,,"Y",2,"A","-",21801,"A","N","A","H","-","C","D","0","Y","A","01",0,0,2,0,0,0,0,0,0,"-","-","UNINCORPORATED","SACRAMENTO","CA",-121.33542,38.48976
"90027720",0,0,2015,"3404","3","3","3","03",0,1,"A",,,"Y",,,1800,9,"C","C","A","SR-51 S/B","T STREET",837,"S","N","2015-10-19",9252,"2015-09-23",1730,"015006",,"2","7","0","1",,"2","193","-","Y",,0,0,,,0,,,,"Y",2,"A","-",22350,,"N","A","H","-","A","D","0","Y","C","02",0,1,0,0,0,0,0,0,1,"-","-","SACRAMENTO","SACRAMENTO","CA",-121.7125,38.5412
"90027449",0,0,2015,"3404","1","3","4","21",0,1,"A",,,,,,900,9,"C","C","A","I-5 N/B","GLORIA DR",1056,"S","N","2015-10-19",9252,"2015-09-23",805,"014453",,"1","7","0","1",,"2","107","-","Y",,0,0,,,0,,,,"N",2,"A","-",22106,,"N","A","H","-","A","D","0","Y","A","01",0,0,1,0,0,0,0,0,0,"-","-","SACRAMENTO","SACRAMENTO","CA",-121.52115,38.50795
"90027365",0,0,2015,"3400","4","2","4","21",0,1,"B",,,,"Y",,900,9,"C","C","A","SOUTH WATT AVE","MANLOVE ROAD",300,"S","N","2015-10-19",9260,"2015-09-29",755,"018691",,"1","9","0","2",,"2","101","-","N",,0,0,,,0,,,,"N",2,"A","-",22106,,"N","A","H","-","A","A","0","Y","F","26",0,0,1,0,0,0,0,0,0,"-","-","UNINCORPORATED","SACRAMENTO","CA",-121.37289,38.55088
"90027345",-121.4736873,38.5326067,2015,"3404","S","1","4","03",0,1,"A",,,,,,900,10,"C","C","A","FRANKLIN BL.","22ND AVE.",55,"S","N","2015-10-19",9252,"2015-10-05",728,"012149",,"1","7","1","4",,"2","901","-","N",,0,0,,,0,,,,"Y",3,"A","-",22350,,"N","A","H","-","A","D","0","Y","H","13",0,0,1,0,0,0,0,0,0,"-","-","SACRAMENTO","SACRAMENTO","CA",-121.85951,38.42716
"90027290",0,0,2015,"3404","1","3","3","07",0,1,"A",,,"Y",,,900,9,"B","C","A","I-5 N/B","SUTTERVILLE RD",3168,"N","N","2015-10-19",9252,"2015-09-23",735,"014453",,"1","7","0","1",,"2","107","-","Y",,0,0,,,0,,,,"N",2,"A","-",21658,"A","N","A","H","-","A","D","0","Y","A","01",0,1,0,0,0,0,0,0,1,"-","-","SACRAMENTO","SACRAMENTO","CA",-121.50905,38.54605
"90027274",0,0,2015,"3404","1","1","4","03",0,3,"A",,,,"Y",,1500,9,"C","C","A"," I-5 S/B TRANSITION TO US-50 E/B","US-50",528,"N","N","2015-10-19",9252,"2015-09-21",1315,"014453",,"1","7","0","1",,"2","108","-","Y",,0,0,,,0,,,,"N",3,"A","-",22350,,"N","A","H","-","A","D","0","Y","G","25",0,0,3,0,0,0,0,0,0,"-","-","SACRAMENTO","SACRAMENTO","CA",-121.50935,38.57186
"90027177",-121.4553831,38.522295,2015,"3400","4","3","4","12",0,1,"A",,"Y",,,,2100,9,"H","G","A","44TH ST","IOWA AVE",0,,"Y","2015-10-19",9252,"2015-09-23",2030,"018167",,"2","9","0","2",,"1","071","-","N",,0,0,,,0,,,,"N",2,"A","-",22450,"A","N","A","H","-","D","D","0","Y","L","04",0,0,1,0,0,0,1,0,0,"-","-","UNINCORPORATED","SACRAMENTO","CA",-121.45532,38.52231
"90027148",0,0,2015,"3404","1","3","4","03",0,2,"A",,,,,,1200,9,"C","C","A","I-5 S/B TO US-50 E/B","UST",150,"N","N","2015-10-19",9252,"2015-09-23",1145,"013732",,"1","7","0","1",,"2","108","-","Y",,0,0,,,0,,,,"N",2,"A","-",22350,,"N","A","H","-","A","D","0","Y","A","01",0,0,2,0,0,0,0,0,0,"-","-","SACRAMENTO","SACRAMENTO","CA",-121.50936,38.57147
"90026993",-121.3829732,38.6885527,2015,"3400","4","3","3","03",0,2,"C",,,,,,1500,9,"D","C","A","WATT AVE","MILTON WAY",30,"S","N","2015-10-19",9250,"2015-09-30",1430,"016363",,"2","9","0","2",,"1","011","-","N",,0,0,,,0,,,,"Y",2,"A","-",22350,,"N","B","H","-","A","D","0","Y","A","07",0,1,1,0,0,0,0,0,0,"-","-","UNINCORPORATED","SACRAMENTO","CA",0,0
"90026981",-121.3645031,38.617575,2015,"3400","4","3","4","12",0,3,"A",,,,,,1200,9,"D","C","A","MARCONI AVENUE","EASTERN AVENUE",0,,"Y","2015-10-19",9250,"2015-09-16",1040,"013299",,"1","9","0","2",,"1","052","-","N",,0,0,,,0,,,,"Y",2,"A","-",21453,"A","N","A","H","-","A","A","0","Y","A","01",0,0,3,0,0,0,0,0,0,"-","-","UNINCORPORATED","SACRAMENTO","CA",0,0
"90026928",0,0,2015,"3404","3","3","2","01",0,1,"A",,,,,"Y",300,9,"C","C","A","SR-51 SB TO US-50 EB","ALHAMBRA BLVD",42,"E","N","2015-10-19",9252,"2015-09-23",112,"018716",,"3","7","0","1",,"2","193","-","Y",,0,0,,,0,,,,"Y",2,"A","-",23152,"A","N","A","H","-","C","D","0","Y","A","07",1,0,0,0,0,0,0,0,0,"-","-","SACRAMENTO","SACRAMENTO","CA",-121.47092,38.55867
"90026923",-121.3510633,38.5637271,2015,"3400","5","2","3","08",0,2,"A",,,,,,1200,9,"D","C","A","TECH CENTER DRIVE","MAYHEW ROAD ",308,"W","N","2015-10-19",9260,"2015-09-29",1150,"018276",,"1","9","0","3",,"2","001","-","N",,0,0,,,0,,,,"Y",2,"A","-",22102,,"N","A","H","-","A","D","0","Y","A","01",0,1,1,0,0,0,0,0,0,"-","-","UNINCORPORATED","SACRAMENTO","CA",0,0
"90026856",0,0,2015,"3400","2","1","4","03",0,1,"A",,,,,,900,9,"C","C","A","US-50 W/B","BRADSHAW RD.",1584,"W","N","2015-10-19",9260,"2015-09-21",835,"018316",,"1","9","0","1",,"2","501","-","Y",,0,0,,,0,,,,"Y",2,"A","-",22350,,"N","A","H","-","A","D","0","Y","A","01",0,0,1,0,0,0,0,0,0,"-","-","UNINCORPORATED","SACRAMENTO","CA",-121.13731,38.55955
"90026615",-121.3637431,38.6890551,2015,"3400","4","2","4","12",0,1,"A",,,,,,900,9,"D","C","A","WALERGA RD","DON JULIO BLVD",0,,"Y","2015-10-19",9250,"2015-09-22",830,"015518",,"1","9","0","2",,"1","013","-","N",,0,0,,,0,,,,"N",2,"A","-",21453,"A","N","A","H","-","A","A","0","Y","D","22",0,0,1,0,0,0,0,0,0,"-","-","UNINCORPORATED","SACRAMENTO","CA",0,0
"90026597",-121.2023431,38.6781151,2015,"3400","4","1","3","12",0,2,"A",,,,,,2100,9,"D","C","A","GREENBACK LN","MAIN AVE",0,,"Y","2015-10-19",9260,"2015-09-28",1805,"015944",,"2","9","0","2",,"2","302","-","N",,0,0,,,0,,,,"Y",2,"A","-",21453,"A","N","A","H","-","A","A","0","Y","A","07",0,1,1,0,0,0,0,0,0,"-","-","UNINCORPORATED","SACRAMENTO","CA",-121.2023,38.67811
"90026590",0,0,2015,"3400","3","7","4","08",0,1,"A",,,,,,600,10,"E","I","A","SR-99 N/B","ELVERTA RD",2640,"S","N","2015-10-19",9250,"2015-10-04",420,"018725",,"3","9","0","1",,"1","193","B","Y",,0,0,,,0,,,,"Y",1,"A","-",22107,,"N","B","H","-","D","D","0","Y","A","07",0,0,1,0,0,0,0,0,0,"-","-","UNINCORPORATED","SACRAMENTO","CA",-121.54026,38.70142
"90026577",0,0,2015,"3402","3","6","3","01",0,2,"A",,,,,"Y",1800,9,"C","C","A","SR-99 S/B","SIMMERHORN ROAD",768,"S","N","2015-10-19",9252,"2015-09-26",1620,"018648",,"2","3","0","1",,"2","191","-","Y",,0,0,,,0,,,,"Y",2,"A","-",23152,"A","N","A","H","-","A","D","0","Y","A","01",0,1,1,0,0,0,0,0,0,"-","-","GALT","SACRAMENTO","CA",-121.29893,38.26242
"90026576",-121.3318031,38.7024551,2015,"3400","4","1","4","09",0,1,"A",,,,,,1500,9,"D","C","A","ANTELOPE RD","ROSEVILLE RD",0,,"Y","2015-10-19",9250,"2015-09-21",1215,"015518",,"1","9","0","2",,"1","012","-","N",,0,0,,,0,,,,"Y",2,"A","-",21453,"C","N","A","H","-","A","A","0","Y","A","01",0,0,1,0,0,0,0,0,0,"-","-","UNINCORPORATED","SACRAMENTO","CA",0,0
"90026550",0,0,2015,"3402","3","6","4","01",0,1,"A",,,,,"Y",2100,10,"C","C","A","SR-99 N/B","SIMMERHORN ROAD",1100,"S","N","2015-10-19",9252,"2015-10-03",1950,"018575",,"2","3","0","1",,"2","191","B","Y",,0,0,,,0,,,,"Y",2,"A","-",23152,"A","N","A","H","-","C","D","0","Y","A","01",0,0,1,0,0,0,0,0,0,"-","-","GALT","SACRAMENTO","CA",-121.1756,38.1547
"90026541",0,0,2015,"3400","1","1","4","03",0,1,"A",,,,,,1800,10,"C","C","A","I-80 E/B FROM MADISON AVE. W/B","MADISON AVENUE",775,"E","N","2015-10-19",9250,"2015-10-05",1600,"012602",,"2","9","0","1",,"2","184","-","Y",,0,0,,,0,,,,"Y",2,"A","-",22350,,"N","A","H","-","A","A","0","Y","A","01",0,0,1,0,0,0,0,0,0,"-","-","UNINCORPORATED","SACRAMENTO","CA",0,0
"90026505",-121.3786047,38.6104251,2015,"3400","4","1","2","05",0,3,"A",,,,,,1500,8,"A","C","A","EL CAMINO AVENUE","BORICA WAY",109,"W","N","2015-10-19",9250,"2015-08-31",1210,"013299",,"1","9","0","2",,"1","044","-","N",,0,0,,,0,,,,"Y",2,"A","-",21650,,"N","A","H","-","A","D","0","Y","D","22",1,1,1,0,0,0,0,0,0,"-","-","UNINCORPORATED","SACRAMENTO","CA",0,0
"90026492",-121.3942484,38.4817019,2015,"3400","4","2","4","03",0,1,"A",,,,,,1500,9,"C","C","A","GERBER RD","REESE RD",528,"E","N","2015-10-19",9252,"2015-09-22",1320,"018961",,"1","9","0","2",,"2","073","-","N",,0,0,,,0,,,,"N",2,"A","-",22350,,"N","A","H","-","A","D","0","Y","A","01",0,0,1,0,0,0,0,0,0,"-","-","UNINCORPORATED","SACRAMENTO","CA",-121.3932,38.48136
"90026420",0,0,2015,"3450","3","2","4","07",0,1,"A",,,"Y",,,900,9,"C","C","A","SR-99 N/B","ELK GROVE BLVD",100,"S","N","2015-10-19",9252,"2015-09-08",720,"017325",,"1","5","0","1",,"2","191","-","Y",,0,0,,,0,,,,"Y",2,"A","-",21658,"A","N","A","H","-","A","D","0","Y","A","01",0,0,1,0,0,0,0,0,1,"-","-","ELK GROVE","SACRAMENTO","CA",-121.7497,38.74597
"90026232",-121.4411121,38.2881169,2015,"3400","S","4","4","08",0,1,"A",,,,,,1200,9,"E","I","A","FRANKLIN BLVD","TWIN CITIES BLVD.",800,"S","N","2015-10-19",9252,"2015-09-17",1030,"017258",,"1","9","0","2",,"2","085","-","N",,0,0,,,0,,,,"Y",1,"A","-",22107,,"N","A","H","-","A","D","0","Y","A","01",0,0,1,0,0,0,0,0,0,"-","-","UNINCORPORATED","SACRAMENTO","CA",-121.44107,38.28736
"90026216",0,0,2015,"3400","3","4","4","03",0,2,"A",,,,,,1200,9,"C","C","A","SR-99 N/B","TURNBRIDGE PEDESTRIAN O/C",100,"S","N","2015-10-19",9252,"2015-09-17",925,"017258",,"1","9","0","1",,"2","192","-","Y",,0,0,,,0,,,,"Y",3,"A","-",22350,,"N","A","H","-","A","D","0","Y","A","01",0,0,2,0,0,0,0,0,0,"-","-","UNINCORPORATED","SACRAMENTO","CA",-121.45668,38.50628
"90026154",0,0,2015,"3400","5","5","3","03",0,1,"A",,,"Y",,,1800,9,"C","C","A","US-50 E/B","SUNRISE BLVD",3000,"W","N","2015-10-19",9260,"2015-09-25",1724,"018532",,"2","9","0","3",,"2","001","-","Y",,0,0,,,0,,,,"Y",2,"A","-",22350,,"N","A","H","-","A","D","0","Y","C","02",0,1,0,0,0,0,0,0,1,"-","-","UNINCORPORATED","SACRAMENTO","CA",0,0
"90025888",0,0,2015,"3404","1","7","3","01",0,1,"A",,,,,"Y",600,9,"E","I","A","I-5 S/B","GLORIA DR",528,"N","N","2015-10-19",9252,"2015-09-20",535,"018159",,"3","7","0","1",,"2","107","-","Y",,0,0,,,0,,,,"Y",1,"A","-",23152,"A","N","A","H","-","B","D","0","Y","A","01",0,1,0,0,0,0,0,0,0,"-","-","SACRAMENTO","SACRAMENTO","CA",-121.52243,38.51076
"90025875",0,0,2015,"3404","2","5","4","03",0,1,"A",,,,,,1800,9,"C","C","A","US-50 W/B","WATT AVE",860,"W","N","2015-10-19",9252,"2015-09-18",1730,"018470",,"2","7","0","1",,"2","151","-","Y",,0,0,,,0,,,,"Y",3,"A","-",22350,,"N","A","H","-","A","D","0","Y","A","01",0,0,1,0,0,0,0,0,0,"-","-","SACRAMENTO","SACRAMENTO","CA",-121.38267,38.55847
"90025864",0,0,2015,"3404","3","5","4","03",0,1,"A",,,,,,1200,9,"C","C","A","SR-99 N/B","12TH AVE",1200,"S","N","2015-10-19",9252,"2015-09-18",915,"014512",,"1","7","0","1",,"2","192","-","Y",,0,0,,,0,,,,"Y",3,"A","-",22350,,"N","A","H","-","A","D","0","Y","A","01",0,0,1,0,0,0,0,0,0,"-","-","SACRAMENTO","SACRAMENTO","CA",0,0
"90025859",-121.5652398,38.1940687,2015,"3400","3","2","3","08",0,2,"A",,,,,,1800,9,"E","I","A","SR-160","POVERTY RD. ",6864,"N","N","2015-10-19",9252,"2015-09-08",1755,"014833",,"2","9","0","1",,"2","162","-","Y",,0,0,,,0,,,,"Y",1,"A","-",22107,,"N","A","H","-","A","D","0","Y","D","22",0,1,1,0,0,0,0,0,0,"-","-","UNINCORPORATED","SACRAMENTO","CA",-119.20968,41.73524
"90025845",-121.2517943,38.6640539,2015,"3400","4","4","4","03",0,3,"A",,,,,,1800,9,"C","C","A","MADISON AVE","BUENA VISTA AVE",500,"W","N","2015-10-19",9260,"2015-09-24",1740,"018370",,"2","9","0","2",,"2","304","-","N",,0,0,,,0,,,,"Y",2,"A","-",22350,,"N","A","H","-","A","D","0","Y","A","07",0,0,3,0,0,0,0,0,0,"-","-","UNINCORPORATED","SACRAMENTO","CA",-121.25256,38.66434
"90025796",0,0,2015,"3400","4","6","4","01",0,1,"B",,,"Y",,"Y",2100,10,"C","C","A","FULTON AVE S/B","NORTHROP AVE",177,"N","N","2015-10-19",9250,"2015-10-03",2000,"015917",,"2","9","0","2",,"1","043","-","N",,0,0,,,0,,,,"Y",2,"A","-",23152,"A","N","A","H","-","C","D","0","Y","A","01",0,0,1,0,0,0,0,0,1,"-","-","UNINCORPORATED","SACRAMENTO","CA",0,0
"90025792",0,0,2015,"3404","2","5","3","01",0,1,"A",,,,,,2400,9,"B","C","A","US-50 W/B"," 35TH ST UNDER CROSSING",205,"W","N","2015-10-19",9252,"2015-09-25",2316,"019821",,"3","7","0","1",,"2","151","-","Y",,0,0,,,0,,,,"Y",2,"A","-",23152,"E","N","A","H","-","C","D","0","Y","A","01",0,1,0,0,0,0,0,0,0,"-","-","SACRAMENTO","SACRAMENTO","CA",-121.46575,38.56053
"90025714",0,0,2015,"3400","4","5","4","03",0,1,"A",,,,,,1500,9,"C","C","A","FAIR OAKS BLVD. (N/B)","GRANT AVE",10,"N","N","2015-10-19",9250,"2015-09-04",1405,"015577",,"2","9","0","2",,"1","053","-","N",,0,0,,,0,,,,"Y",2,"A","-",22350,,"N","A","H","-","A","D","0","Y","A","01",0,0,1,0,0,0,0,0,0,"-","-","UNINCORPORATED","SACRAMENTO","CA",0,0
"90025717",0,0,2015,"3400","4","4","4","03",0,1,"A",,,,"Y",,1200,9,"C","C","A","MADISON AVE. (E/B)","COLLEGE OAK DR.",15,"W","N","2015-10-19",9250,"2015-09-24",1130,"015577",,"1","9","0","2",,"1","024","-","N",,0,0,,,0,,,,"N",2,"A","-",22350,,"N","A","H","-","A","A","0","Y","F","27",0,0,1,0,0,0,0,0,0,"-","-","UNINCORPORATED","SACRAMENTO","CA",0,0
"90025672",0,0,2015,"3400","1","6","4","03",0,2,"A",,,,,,1500,10,"C","C","A","I-80 W/B","NORWOOD AVE",2067,"W","N","2016-03-08",9250,"2015-10-03",1210,"018542",,"1","9","0","1",,"2","187","-","Y",,0,0,,,0,,,,"N",3,"A","-",22350,,"N","A","D","-","A","D","0","Y","D","22",0,0,2,0,0,0,0,0,0,"-","-","UNINCORPORATED","SACRAMENTO","CA",-121.46434,38.64185
"90025669",-121.3829831,38.678975,2015,"3400","5","5","3","10",0,1,"A","Y",,,,,1200,10,"G","B","B","DON JULIO BLVD","WATT AVE.",0,,"Y","2015-10-19",9250,"2015-10-02",1000,"018542",,"1","9","0","3",,"2","010","-","Y",,0,0,,,0,,,,"N",2,"A","-",21950,"A","N","A","H","-","A","A","0","Y","A","01",0,1,0,0,1,0,0,0,0,"-","-","UNINCORPORATED","SACRAMENTO","CA",-121.38262,38.6792
"90025646",0,0,2015,"3404","S","5","4","03",0,1,"A",,,,,,900,10,"C","C","A","I-80 W/B","NORTH AVE",100,"W","N","2015-10-19",9250,"2015-10-02",735,"016434",,"1","7","0","1",,"2","185","-","Y",,0,0,,,0,,,,"Y",2,"A","-",22350,,"N","A","D","-","A","D","0","Y","A","01",0,0,1,0,0,0,0,0,0,"-","-","SACRAMENTO","SACRAMENTO","CA",0,0
"90025644",-121.4522731,38.691125,2015,"3400","5","5","4","09",0,1,"A",,,,,,2100,10,"D","C","A","M ST","6TH ST",0,,"Y","2015-10-19",9250,"2015-10-02",1820,"018766",,"2","9","0","3",,"2","060","-","N",,0,0,,,0,,,,"Y",2,"A","-",21802,"A","N","A","H","-","B","D","0","Y","A","01",0,0,1,0,0,0,0,0,0,"-","-","UNINCORPORATED","SACRAMENTO","CA",0,0
"90025643",0,0,2015,"3400","1","5","4","03",0,1,"A",,,,,,900,10,"C","C","A","I-80 W/B FROM ELKHORN BOULEVARD E/B","ELKHORN BLVD",585,"S","N","2015-10-19",9250,"2015-10-02",850,"018461",,"1","9","0","1",,"2","183","-","Y",,0,0,,,0,,,,"Y",2,"A","-",22350,,"N","A","H","-","A","A","0","Y","A","01",0,0,1,0,0,0,0,0,0,"-","-","UNINCORPORATED","SACRAMENTO","CA",-121.33836,38.68183
"90025635",-121.3281031,38.6354551,2015,"3400","4","5","4","09",0,1,"A",,,,,,1800,10,"D","C","A","DON WAY","FAIR OAKS BLVD",0,,"Y","2015-10-19",9250,"2015-10-02",1750,"017482",,"2","9","0","2",,"1","053","-","N",,0,0,,,0,,,,"N",2,"A","-",21801,"A","N","A","H","-","A","A","0","Y","D","22",0,0,1,0,0,0,0,0,0,"-","-","UNINCORPORATED","SACRAMENTO","CA",0,0
"90025631",-121.3525231,38.6752751,2015,"3400","4","4","4","09",0,3,"A",,,,,,1800,10,"D","C","A","HILLSDALE BLVD","DIABLO DR",0,,"Y","2015-10-19",9250,"2015-10-01",1525,"018766",,"2","9","0","2",,"1","017","-","N",,0,0,,,0,,,,"Y",2,"A","-",21802,"A","N","A","H","-","A","D","0","Y","A","01",0,0,3,0,0,0,0,0,0,"-","-","UNINCORPORATED","SACRAMENTO","CA",0,0
"90025634",0,0,2015,"3400","4","5","4","03",0,1,"A",,,,,,1200,10,"C","C","A","HOWE AVE. N/B","ENTERPRISE DR",400,"S","N","2015-10-19",9250,"2015-10-02",1020,"014344",,"1","9","0","2",,"1","041","-","N",,0,0,,,0,,,,"N",2,"A","-",22350,,"N","A","H","-","A","D","0","Y","A","01",0,0,1,0,0,0,0,0,0,"-","-","UNINCORPORATED","SACRAMENTO","CA",0,0
"90025626",0,0,2015,"3400","1","4","4","08",0,1,"B",,,,,,900,10,"E","I","A","I -80 (E/B) FROM NORWOOD AVE.","NORWOOD AVE",140,"E","N","2015-10-19",9250,"2015-10-01",850,"018461",,"1","9","0","1",,"2","182","-","Y",,0,0,,,0,,,,"N",1,"A","-",22107,,"N","B","H","-","A","D","0","Y","A","01",0,0,1,0,0,0,0,0,0,"-","-","UNINCORPORATED","SACRAMENTO","CA",-121.45626,38.64059
"90025621",-121.336693,38.648065,2015,"3400","4","6","4","12",0,1,"A",,,"Y",,,1800,9,"D","C","A","WINDING WAY","GARFIELD AVE",0,,"Y","2015-10-19",9250,"2015-09-26",1635,"016419",,"2","9","0","2",,"1","026","-","N",,0,0,,,0,,,,"Y",2,"A","-",21453,"A","M","A","H","-","A","A","0","Y","C","02",0,0,1,0,0,0,0,0,1,"-","-","UNINCORPORATED","SACRAMENTO","CA",-121.3366,38.6481
"90025619",-121.308333,38.6582851,2015,"3400","5","3","3","05",0,1,"A",,"Y",,,,1800,9,"H","G","A","DEWEY DR","HILLHURST DR",0,,"Y","2015-10-19",9250,"2015-09-23",1730,"017306",,"2","9","0","3",,"2","020","-","N",,0,0,,,0,,,,"N",2,"A","-",21650,,"N","A","H","-","A","A","0","Y","L","04",0,1,0,0,0,0,1,0,0,"-","-","UNINCORPORATED","SACRAMENTO","CA",0,0
"90025615",-121.427038,38.6690876,2015,"3400","5","5","3","11",0,1,"A","Y",,,,,2100,9,"G","B","D","ASCOT AVE","RALEY BLVD",604,"E","N","2015-10-19",9250,"2015-09-25",1900,"019069",,"2","9","0","3",,"2","060","-","N",,0,0,,,0,,,,"N",2,"A","-",21954,"A","N","A","H","-","A","A","0","Y","N","60",0,1,0,0,1,0,0,0,0,"-","-","UNINCORPORATED","SACRAMENTO","CA",-121.2542,38.408