"CASEID","POINT_X","POINT_Y","YEAR_","LOCATION","CHPTYPE","DAYWEEK","CRASHSEV","VIOLCAT","KILLED","INJURED","WEATHER1","PEDCOL","BICCOL","MCCOL","TRUCKCOL","ETOH","TIMECAT","MONTH_","CRASHTYP","INVOLVE","PED","PRIMARYRD","SECONDRD","DISTANCE","DIRECT","INTERSECT_","PROCDATE","JURIS","DATE_","TIME_","BADGE","JURIDIST","SHIFT","POP","SPECIAL","BEATTYPE","LAPDDIV","BEATCLAS","BEATNUMB","WEATHER2","STATEHW","CALTRANC","CALTRAND","STROUTE","ROUTESUF","POSTPRE","POSTMILE","LOCATYPE","RAMP","SIDEHW","TOWAWAY","PARTIES","PCF","VIOLCODE","VIOL","VIOLSUB","HITRUN","ROADSURF","RDCOND1","RDCOND2","LIGHTING","RIGHTWAY","CHPRDTYP","NOTPRIV","STFAULT","CHPFAULT","SEVINJ","OTHERINJ","COP","PEDKILL","PEDINJ","BICKILL","BICINJ","MCKILL","MCINJURE","RAMP1","RAMP2","CITY","COUNTY","STATE","X_CHP","Y_CHP"
"7155300",-121.195306,38.6400397,2015,"3401","0","3","4","17",0,1,"A",,,,,,2100,12,"D","C","A","PRAIRIE CITY RD","RT 50",0,,"Y","2017-01-31",3401,"2015-12-23",1946,"214","CA034","5","5","0","0",,"0","004","-","Y","SAC",3,50,"-","-",17.053,"R","4","E","Y",2,"A","-",21461,"A","N","A","H","-","C","A","0","Y","A","01",0,0,1,0,0,0,0,0,0,"-","EF","FOLSOM","SACRAMENTO","CA",-121.15616,38.64154
"7155296",-121.1146361,38.6992361,2015,"3401","0","4","4","03",0,1,"B",,,,,,1800,12,"C","C","A","GREEN VALLEY RD","E NATOMA ST",3960,"E","N","2016-01-15",3401,"2015-12-24",1509,"167","CA034","5","5","0","0",,"0","003","-","N",,0,0,,,0,,,,"Y",2,"A","-",22350,,"N","B","-","-","A","D","0","Y","-",,0,0,1,0,0,0,0,0,0,"-","-","FOLSOM","SACRAMENTO","CA",0,0
"7155288",-121.1639233,38.6725112,2015,"3401","0","4","4","03",0,1,"-",,,,,,1800,12,"-","-","A","GLENN DR","E BIDWELL ST",120,"W","N","2016-02-02",3401,"2015-12-31",1535,"163","CA034","5","5","0","0",,"0","002","-","N",,0,0,,,0,,,,"N",2,"A","-",22350,,"N","-","-","-","-","-","0","Y","A","01",0,0,1,0,0,0,0,0,0,"-","-","FOLSOM","SACRAMENTO","CA",0,0
"7155284",-121.1641891,38.6488331,2015,"3401","0","3","3","09",0,1,"A",,"Y",,,,1800,12,"H","G","A","IRON POINT RD","PRAIRIE CITY RD",411,"W","N","2016-01-15",3401,"2015-12-30",1715,"222","CA034","5","5","0","0",,"0","004","-","N",,0,0,,,0,,,,"N",2,"A","-",21804,"A","N","A","H","-","C","A","0","Y","A","01",0,1,0,0,0,0,1,0,0,"-","-","FOLSOM","SACRAMENTO","CA",-121.16288,38.64953
"7155156",-121.271853,38.7098151,2015,"3496","0","4","4","08",0,2,"A",,,,,,2100,12,"A","C","A","SUNRISE BL","HANSON AV",0,,"Y","2016-01-12",3496,"2015-12-10",1929,"364",,"5","5","0","0",,"0",,"-","N",,0,0,,,0,,,,"N",2,"A","-",22107,,"N","A","H","-","C","D","0","Y","A","01",0,0,2,0,0,0,0,0,0,"-","-","CITRUS HEIGHTS","SACRAMENTO","CA",0,0
"7155148",-121.2760231,38.678355,2015,"3496","0","2","3","08",0,1,"A",,,"Y",,,1800,12,"B","C","A","GREENBACK LN","BIRDCAGE ST",0,,"Y","2016-01-12",3496,"2015-12-01",1738,"167",,"5","5","0","0",,"0",,"-","N",,0,0,,,0,,,,"N",2,"A","-",22107,,"N","A","H","-","C","A","0","Y","A","01",0,1,0,0,0,0,0,0,1,"-","-","CITRUS HEIGHTS","SACRAMENTO","CA",0,0
"7155126",-121.5030561,38.5754268,2015,"3404","0","1","3","10",0,1,"A","Y",,,,,1800,12,"G","B","B","P ST","5TH ST",13,"W","N","2016-01-12",3404,"2015-12-28",1632,"784","3","5","7","0","0",,"0","03A","-","N",,0,0,,,0,,,,"N",2,"A","-",21950,"A","N","A","H","-","A","A","0","Y","A","08",0,1,0,0,1,0,0,0,0,"-","-","SACRAMENTO","SACRAMENTO","CA",0,0
"7155122",-121.5030132,38.5754151,2015,"3404","0","6","4","00",0,1,"A",,,,,,2100,12,"D","C","A","P ST","5TH ST",0,,"Y","2016-01-12",3404,"2015-12-26",2023,"0300","3","5","7","0","0",,"0","00A","-","N",,0,0,,,0,,,,"Y",2,"D","-",0,,"N","A","H","-","C","A","0","Y","-","-",0,0,1,0,0,0,0,0,0,"-","-","SACRAMENTO","SACRAMENTO","CA",0,0
"7155013",-121.3154531,38.704585,2015,"3496","0","1","4","03",0,1,"A",,,,,,2100,12,"C","C","A","TUPELO DR","MILLWOOD DR",0,,"Y","2016-01-19",3496,"2015-12-14",1923,"399",,"5","5","0","0",,"0",,"-","N",,0,0,,,0,,,,"Y",2,"A","-",22350,,"N","A","H","-","D","A","0","Y","D","22",0,0,1,0,0,0,0,0,0,"-","-","CITRUS HEIGHTS","SACRAMENTO","CA",0,0
"7154498",-121.296743,38.5921751,2015,"3490","0","2","4","03",0,2,"A",,,,,,1200,12,"C","C","A","FOLSOM BL","MILLS PARK DR",0,,"Y","2016-01-12",3400,"2015-12-22",1151,"15CSO","RCPD","5","5","0","0",,"0","004","-","N",,0,0,,,0,,,,"Y",2,"A","-",22350,,"N","A","H","-","A","A","0","Y","A","01",0,0,2,0,0,0,0,0,0,"-","-","RANCHO CORDOVA","SACRAMENTO","CA",-121.29667,38.59222
"7154497",-121.3092593,38.5859942,2015,"3490","0","5","4","03",0,1,"A",,"Y",,,,2100,12,"C","B","A","FOLSOM BL","MATHER FIELD RD",220,"E","N","2016-01-12",3400,"2015-12-18",1825,"1136","RC","5","5","0","0",,"0","005","-","N",,0,0,,,0,,,,"N",2,"A","-",22350,,"N","B","H","-","C","A","0","Y","A","01",0,0,1,0,0,0,1,0,0,"-","-","RANCHO CORDOVA","SACRAMENTO","CA",-121.30976,38.58564
"7154496",-121.2662617,38.6282435,2015,"3490","0","2","4","03",0,1,"B",,,,,,2400,12,"C","C","A","SUNRISE BL","GOLD COUNTRY BL",100,"N","N","2016-01-12",3400,"2015-12-22",2103,"504","5","5","5","0","0",,"0","005","-","N",,0,0,,,0,,,,"N",2,"A","-",22350,,"N","B","H","-","D","D","0","Y","-",,0,0,1,0,0,0,0,0,0,"-","-","RANCHO CORDOVA","SACRAMENTO","CA",-121.2662,38.6281
"7154495",-121.2669378,38.6224052,2015,"3490","0","5","4","03",0,1,"A",,,,,,2100,12,"C","C","A","SUNRISE BL","TRINITY RIVER DR",270,"S","N","2016-01-12",3400,"2015-12-11",1919,"47","5","5","5","0","0",,"0","5401","-","N",,0,0,,,0,,,,"N",2,"A","-",22350,,"N","A","H","-","C","A","0","Y","-",,0,0,1,0,0,0,0,0,0,"-","-","RANCHO CORDOVA","SACRAMENTO","CA",-121.26673,38.62334
"7154493",-121.3044743,38.5771879,2015,"3490","0","7","4","00",0,1,"A","Y",,,,,1200,12,"G","B","E","LAURELHURST DR","ABINGTON WY",200,"S","N","2016-01-12",3400,"2015-12-27",1030,"1383","5","5","5","0","0",,"0","005","-","N",,0,0,,,0,,,,"N",2,"D","-",0,,"F","A","H","-","A","D","0","Y","-","-",0,0,1,0,1,0,0,0,0,"-","-","RANCHO CORDOVA","SACRAMENTO","CA",-121.30457,38.57774
"7154492",-121.336223,38.562115,2015,"3490","0","1","3","12",0,2,"B",,,,,,1800,12,"D","C","A","BRADSHAW RD","LINCOLN VILLAGE DR",0,,"Y","2016-01-12",3400,"2015-12-21",1540,"507",,"5","5","0","0",,"0",,"-","N",,0,0,,,0,,,,"Y",3,"A","-",21453,"A","N","B","H","-","A","A","0","Y","-",,0,1,1,0,0,0,0,0,0,"-","-","RANCHO CORDOVA","SACRAMENTO","CA",-121.33623,38.56199
"7154491",-121.3116877,38.580626,2015,"3490","0","4","3","01",0,2,"A",,,,,"Y",2400,12,"A","C","A","MILLS STATION RD","CROYDON WY",515,"S","N","2016-01-12",3400,"2015-12-17",2225,"591","RC","5","5","0","0",,"0","005","-","N",,0,0,,,0,,,,"Y",2,"A","-",23152,"A","N","A","H","-","C","D","0","Y","A","01",0,1,1,0,0,0,0,0,0,"-","-","RANCHO CORDOVA","SACRAMENTO","CA",-121.31177,38.58203
"7154489",-121.336214,38.561511,2015,"3490","0","3","4","09",0,1,"A",,,,,,2100,12,"E","C","A","BRADSHAW RD","LINCOLN VILLAGE DR",220,"S","N","2016-01-12",3400,"2015-12-09",1815,"1136","RC","5","5","0","0",,"0","005","-","N",,0,0,,,0,,,,"N",2,"A","-",21804,,"N","A","H","-","C","A","0","Y","A","01",0,0,1,0,0,0,0,0,0,"-","-","RANCHO CORDOVA","SACRAMENTO","CA",0,0
"7154490",-121.3362277,38.5621974,2015,"3490","0","2","4","03",0,1,"A",,,,,,1800,12,"C","C","A","BRADSHAW RD","LINCOLN VILLAGE DR",30,"N","N","2016-01-12",3400,"2015-12-01",1618,"1238","RC","5","5","0","0",,"0","005","-","N",,0,0,,,0,,,,"N",2,"A","-",22350,,"N","A","H","-","A","A","0","Y","A","01",0,0,1,0,0,0,0,0,0,"-","-","RANCHO CORDOVA","SACRAMENTO","CA",-121.33623,38.56199
"7154488",-121.2693132,38.6055251,2015,"3490","0","4","4","03",0,1,"B",,,,,,1800,12,"C","C","A","SUNRISE BL","FOLSOM BL",60,"S","N","2016-01-12",3400,"2015-12-10",1706,"504","5","5","5","0","0",,"0","005","-","N",,0,0,,,0,,,,"N",2,"A","-",22350,,"N","B","H","-","C","A","0","Y","-",,0,0,1,0,0,0,0,0,0,"-","-","RANCHO CORDOVA","SACRAMENTO","CA",-121.26936,38.60585
"7154487",-121.2788516,38.6168979,2015,"3490","0","4","4","03",0,1,"C",,,,,,1800,12,"C","C","A","COLOMA RD","TRUCKEE RIVER DR",127,"W","N","2016-01-12",3400,"2015-12-03",1749,"1136","RC","5","5","0","0",,"0","005","-","N",,0,0,,,0,,,,"Y",2,"A","-",22350,,"N","B","H","-","C","A","0","Y","A","01",0,0,1,0,0,0,0,0,0,"-","-","RANCHO CORDOVA","SACRAMENTO","CA",-121.27846,38.61698
"7154486",-121.2821031,38.5994051,2015,"3490","0","2","4","12",0,1,"A",,,,,,1500,12,"D","C","A","FOLSOM BL","OLSON DR",0,,"Y","2016-01-12",3400,"2015-12-08",1233,"1380","RC","5","5","0","0",,"0","005","-","N",,0,0,,,0,,,,"Y",2,"A","-",21453,"A","N","A","H","-","A","A","0","Y","A","01",0,0,1,0,0,0,0,0,0,"-","-","RANCHO CORDOVA","SACRAMENTO","CA",-121.28208,38.59943
"7154450",-121.2699645,38.6063709,2015,"3490","0","2","3","03",0,1,"A",,,"Y",,,1500,12,"C","-","A","SUNRISE BL","FOLSOM BL",300,"N","N","2016-01-19",3400,"2015-12-01",1207,"969","RC","5","5","0","0",,"0",,"-","N",,0,0,,,0,,,,"N",3,"A","-",22350,,"N","A","H","-","A","A","0","Y","D","22",0,1,0,0,0,0,0,0,1,"-","-","RANCHO CORDOVA","SACRAMENTO","CA",-121.26936,38.60585
"7153960",-121.5061197,38.4959079,2015,"3404","0","2","4","01",0,1,"A",,,,,"Y",2100,12,"C","C","A","FREEPORT BL","FLORIN RD",52,"N","N","2016-02-25",3404,"2015-12-29",1940,"8171","4","5","7","0","0",,"0","00B","-","N",,0,0,,,0,,,,"Y",2,"A","-",23152,"A","N","A","H","-","C","A","0","Y","A","01",0,0,1,0,0,0,0,0,0,"-","-","SACRAMENTO","SACRAMENTO","CA",0,0
"7153438",-121.2846031,38.663835,2015,"3496","0","1","3","-",0,1,"A",,,,,,1200,8,"F","I","A","MADISON AV","MARIPOSA AV",0,"W","N","2016-01-19",3496,"2015-08-24",1142,"392","3496","5","5","0","0",,"0","003","-","N",,0,0,,,0,,,,"N",1,"A","-",0,,"N","A","H","-","A","-","0","Y","A","01",0,1,0,0,0,0,0,0,0,"-","-","CITRUS HEIGHTS","SACRAMENTO","CA",0,0
"7151875",0,0,2015,"3404","0","6","4","03",0,1,"A",,,"Y",,,1200,10,"F","A","A","ARENA BL","E COMMERCE WY",0,,"Y","2016-01-13",3404,"2015-10-10",1033,"816","1","5","7","0","0",,"0","00A","-","N",,0,0,,,0,,,,"N",1,"A","-",22350,,"N","A","H","-","A","A","0","Y","C","02",0,0,1,0,0,0,0,0,1,"-","-","SACRAMENTO","SACRAMENTO","CA",0,0
"7151429",0,0,2015,"3450","0","3","4","07",0,1,"B",,,,,,1500,12,"C","E","A","SORRENTINO DR","BELLATERRA DR",151,"S","N","2016-01-15",340,"2015-12-30",1352,"10064","4107","5","5","0","0",,"0","004","-","N",,0,0,,,0,,,,"Y",2,"A","-",21658,"A","N","A","H","-","A","D","0","Y","A","01",0,0,1,0,0,0,0,0,0,"-","-","ELK GROVE","SACRAMENTO","CA",0,0
"7151425",-121.3531909,38.4146549,2015,"3450","0","2","4","08",0,1,"A",,,,,,2100,12,"D","C","A","WATERMAN RD","RANCHO DR",845,"N","N","2016-01-15",340,"2015-12-29",1824,"10054","5203","5","5","0","0",,"0","005","-","N",,0,0,,,0,,,,"Y",2,"A","-",22107,,"N","A","H","-","C","D","0","Y","A","01",0,0,1,0,0,0,0,0,0,"-","-","ELK GROVE","SACRAMENTO","CA",0,0
"7151272",-121.4484239,38.4207191,2015,"3450","0","7","3","08",0,5,"A",,,,,,1800,12,"D","C","A","FRANKLIN BL","MILLSTONE DR",375,"N","N","2016-01-19",340,"2015-12-27",1630,"10054","2306","5","5","0","0",,"0","002","-","N",,0,0,,,0,,,,"Y",2,"A","-",22107,,"N","A","H","-","A","D","0","Y","D","22",0,1,4,0,0,0,0,0,0,"-","-","ELK GROVE","SACRAMENTO","CA",0,0
"7150770",-121.4838931,38.577775,2015,"3404","0","5","4","09",0,1,"A",,,,,,900,12,"B","-","A","17TH ST","J ST",0,,"Y","2016-02-17",3404,"2015-12-11",812,"419","3","5","7","0","0",,"0","00B","-","N",,0,0,,,0,,,,"Y",2,"A","-",21802,"A","N","A","-","-","A","A","0","Y","-",,0,0,1,0,0,0,0,0,0,"-","-","SACRAMENTO","SACRAMENTO","CA",0,0
"7150180",-121.4774131,38.568625,2015,"3404","0","4","4","05",0,1,"A",,"Y",,,"Y",1200,12,"D","G","A","24TH ST","P ST",0,,"Y","2016-01-09",3404,"2015-12-17",1136,"882","DISTR","5","7","0","0",,"0","03B","-","N",,0,0,,,0,,,,"Y",2,"A","-",21650,"1","N","A","H","-","A","A","0","Y","L","04",0,0,1,0,0,0,1,0,0,"-","-","SACRAMENTO","SACRAMENTO","CA",0,0
"7150179",-121.4979131,38.627485,2015,"3404","0","5","3","03",0,1,"A",,,,,,2100,12,"C","C","A","SAN JUAN RD","TRUXEL RD",0,,"Y","2016-01-07",3404,"2015-12-18",1907,"761","1","5","7","0","0",,"0","00B","-","N",,0,0,,,0,,,,"Y",3,"A","-",22350,,"N","B","H","-","C","A","0","Y","A","07",0,1,0,0,0,0,0,0,0,"-","-","SACRAMENTO","SACRAMENTO","CA",0,0
"7150178",-121.4755631,38.615845,2015,"3404","0","7","4","12",0,1,"B",,,,,,1500,12,"D","C","A","HAGGIN AV","NORTHGATE BL",0,,"Y","2016-01-07",3404,"2015-12-20",1221,"937","1","5","7","0","0",,"0","00C","-","N",,0,0,,,0,,,,"Y",2,"A","-",21453,"A","N","B","H","-","A","A","0","Y","A","01",0,0,1,0,0,0,0,0,0,"-","-","SACRAMENTO","SACRAMENTO","CA",0,0
"7150177",-121.4656299,38.571847,2015,"3404","0","7","3","11",0,1,"C","Y",,,,,2100,12,"D","B","D","ALHAMBRA BL","K ST",66,"N","N","2016-01-07",3404,"2015-12-20",1826,"0902","6","5","7","0","0",,"0","06D","-","N",,0,0,,,0,,,,"N",2,"A","-",21955,,"N","B","H","-","C","A","0","Y","N","60",0,1,0,0,1,0,0,0,0,"-","-","SACRAMENTO","SACRAMENTO","CA",0,0
"7150176",-121.4087804,38.5577142,2015,"3404","0","7","4","03",0,1,"B",,,,,,2100,12,"B","C","A","LA RIVIERA DR","HOWE AV",204,"E","N","2016-01-11",3404,"2015-12-20",1848,"0902","6","5","7","0","0",,"0","06E","-","N",,0,0,,,0,,,,"Y",2,"A","-",22350,,"F","B","H","-","C","D","0","Y","A","01",0,0,1,0,0,0,0,0,0,"-","NO","SACRAMENTO","SACRAMENTO","CA",0,0
"7150175",-121.4754837,38.5248717,2015,"3404","0","2","4","08",0,1,"A",,,,,,1200,12,"E","I","A","FRUITRIDGE RD","FRANKLIN BL",1056,"W","N","2016-01-07",3404,"2015-12-29",1122,"0349","4","5","7","0","0",,"0","04B","-","N",,0,0,,,0,,,,"Y",1,"A","-",22107,,"N","A","H","-","A","D","0","Y","A","01",0,0,1,0,0,0,0,0,0,"-","-","SACRAMENTO","SACRAMENTO","CA",0,0
"7150174",-121.5039861,38.6374677,2015,"3404","0","6","4","09",0,2,"A",,,,,,1500,12,"D","C","A","TRUXEL RD","GATEWAY PARK BL",10,"S","N","2016-01-07",3404,"2015-12-26",1405,"8207","1","5","7","0","0",,"0","00A","-","N",,0,0,,,0,,,,"Y",2,"A","-",21453,"B","N","A","H","-","A","A","0","Y","A","07",0,0,2,0,0,0,0,0,0,"-","-","SACRAMENTO","SACRAMENTO","CA",0,0
"7150173",-121.4757145,38.6052936,2015,"3404","0","1","3","17",0,1,"A",,"Y",,,,1200,12,"D","G","A","ARDEN GARDEN CONNECTOR","NORTHGATE BL",15,"W","N","2016-01-07",3404,"2015-12-28",1155,"0230","1","5","7","0","0",,"0","00C","-","N",,0,0,,,0,,,,"N",2,"A","-",21451,"A","F","A","H","-","A","A","0","Y","A","01",0,1,0,0,0,0,1,0,0,"-","-","SACRAMENTO","SACRAMENTO","CA",0,0
"7150172",0,0,2015,"3404","0","1","4","00",0,2,"C",,,,,,2400,12,"E","I","A","DEL PASO RD","TOWN CENTER DR",0,"W","N","2016-01-07",3404,"2015-12-21",2300,"325","1","5","7","0","0",,"0","01A","-","N",,0,0,,,0,,,,"Y",1,"A","-",23103,"A","N","B","H","-","C","A","0","Y","A","01",0,0,2,0,0,0,0,0,0,"-","-","SACRAMENTO","SACRAMENTO","CA",0,0
"7150096",-121.4297684,38.6365828,2015,"3404","0","6","3","11",0,1,"B","Y",,,,,2400,12,"G","B","D","MARYSVILLE BL","GRAND AV",25,"N","N","2016-01-07",3404,"2015-12-26",2126,"0331","2","5","7","0","0",,"0","02A","-","N",,0,0,,,0,,,,"N",2,"A","-",21456,"B","N","A","H","-","C","A","0","Y","N","60",0,1,0,0,1,0,0,0,0,"-","-","SACRAMENTO","SACRAMENTO","CA",0,0
"7150069",0,0,2015,"3490","0","2","4","08",0,1,"A",,,,,,1500,11,"D","C","A","FOLSOM BL","VILLAGE LN",0,,"Y","2016-01-14",3400,"2015-11-03",1208,"1256","RC","5","5","0","0",,"0","005","-","N",,0,0,,,0,,,,"N",2,"A","-",22107,,"N","A","H","-","A","A","0","Y","A","01",0,0,1,0,0,0,0,0,0,"-","-","RANCHO CORDOVA","SACRAMENTO","CA",-121.29177,38.59468
"7150068",-121.3097762,38.585156,2015,"3490","0","5","4","21",0,1,"A",,,,,,2100,11,"C","C","A","MATHER FIELD RD","FOLSOM BL",200,"S","N","2016-01-14",3400,"2015-11-20",1836,"47","RC","5","5","0","0",,"0","005","-","N",,0,0,,,0,,,,"N",2,"A","-",22106,,"N","A","H","-","A","A","0","Y","-",,0,0,1,0,0,0,0,0,0,"-","-","RANCHO CORDOVA","SACRAMENTO","CA",-121.30976,38.58564
"7150067",-121.270683,38.619285,2015,"3490","0","5","4","03",0,2,"A",,,,,,1200,11,"C","C","A","TRINITY RIVER DR","TEXAS RIVER CT",0,,"Y","2016-01-14",3400,"2015-11-20",1129,"20CSO","RC","5","5","0","0",,"0","005","-","N",,0,0,,,0,,,,"Y",2,"A","-",22350,,"N","A","H","-","A","D","0","Y","-",,0,0,2,0,0,0,0,0,0,"-","-","RANCHO CORDOVA","SACRAMENTO","CA",-121.27059,38.6194
"7150066",-121.2889531,38.595995,2015,"3490","0","2","4","05",0,1,"A",,"Y",,,,1500,11,"H","G","A","FOLSOM BL","ZINFANDEL DR",0,,"Y","2016-01-14",3400,"2015-11-17",1205,"1348","RC","5","5","0","0",,"0",,"-","N",,0,0,,,0,,,,"N",2,"A","-",21650,"1","F","A","H","-","A","A","0","Y","L","04",0,0,1,0,0,0,1,0,0,"-","-","RANCHO CORDOVA","SACRAMENTO","CA",-121.2888,38.59604
"7150064",-121.3306231,38.5688651,2015,"3490","0","1","4","12",0,2,"A",,,,,,900,11,"D","C","A","BRADSHAW RD","RT 50",0,,"Y","2017-01-31",3400,"2015-11-09",700,"458","5","5","5","0","0",,"0",,"-","Y","SAC",3,50,"-","R",7.991,"R","4","W","Y",2,"A","-",21453,"A","N","A","H","-","A","A","0","Y","-","-",0,0,2,0,0,0,0,0,0,"-","WF","RANCHO CORDOVA","SACRAMENTO","CA",-121.33639,38.56778
"7149909",-121.4215131,38.525075,2015,"3404","0","4","4","06",0,1,"A",,,,,,1500,12,"D","C","A","FRUITRIDGE RD","71ST ST",0,,"Y","2016-02-22",3404,"2015-12-24",1231,"8171","6","5","7","0","0",,"0","00C","-","N",,0,0,,,0,,,,"Y",3,"A","-",21755,,"N","A","H","-","A","D","0","Y","A","01",0,0,1,0,0,0,0,0,0,"-","-","SACRAMENTO","SACRAMENTO","CA",0,0
"7149742",0,0,2015,"3404","0","3","4","07",0,1,"A",,,,,,1800,12,"B","C","A","STOCKTON BL","LEMON HILL AV",190,,"N","2016-01-07",3404,"2015-12-23",1542,"397","6","5","7","0","0",,"0","00B","-","N",,0,0,,,0,,,,"N",2,"A","-",21658,"A","N","A","H","-","A","D","0","Y","A","01",0,0,1,0,0,0,0,0,0,"-","-","SACRAMENTO","SACRAMENTO","CA",0,0
"7149738",-121.540863,38.507265,2015,"3404","0","3","4","09",0,1,"A",,,,,,1200,12,"D","C","A","FLORIN RD","WINDWARD WY",0,,"Y","2016-01-07",3404,"2015-12-30",1017,"0661","4","5","7","0","0",,"0","00C","-","N",,0,0,,,0,,,,"N",2,"A","-",21804,"A","N","A","H","-","A","D","0","Y","A","01",0,0,1,0,0,0,0,0,0,"-","-","SACRAMENTO","SACRAMENTO","CA",0,0
"7149734",-121.3816031,38.550195,2015,"3404","0","5","4","05",0,1,"C",,"Y",,,,2100,12,"D","G","A","FOLSOM BL","WISSEMAN DR",0,,"Y","2016-01-07",3404,"2015-12-18",1818,"8171","6","5","7","0","0",,"0","00E","-","N",,0,0,,,0,,,,"N",2,"A","-",21650,"1","N","B","H","-","C","A","0","Y","L","04",0,0,1,0,0,0,1,0,0,"-","-","SACRAMENTO","SACRAMENTO","CA",0,0
"7149730",-121.4493062,38.5628032,2015,"3404","0","3","3","03",0,1,"A",,,,,,600,12,"E","I","A","FOLSOM BL","45TH ST",84,"E","N","2016-01-07",3404,"2015-12-30",426,"388","6","5","7","0","0",,"0","00D","-","N",,0,0,,,0,,,,"Y",1,"A","-",22350,,"N","A","H","-","D","D","0","Y","A","01",0,1,0,0,0,0,0,0,0,"-","-","SACRAMENTO","SACRAMENTO","CA",-121.26562,38.33457
"7149714",-121.4915399,38.4860793,2015,"3404","0","4","4","03",0,2,"C",,,,,,2100,12,"D","C","A","WINKLEY WY","MATSON DR",210,"N","N","2016-01-07",3404,"2015-12-24",2021,"0746",,"5","7","0","0",,"0","05A","-","N",,0,0,,,0,,,,"N",2,"A","-",22350,,"N","B","-","-","C","D","0","Y","A","01",0,0,2,0,0,0,0,0,0,"-","-","SACRAMENTO","SACRAMENTO","CA",0,0
"7149694",-121.1742766,38.6754884,2015,"3401","0","2","4","03",0,1,"B",,,,,,1500,12,"C","C","A","RILEY ST","NATOMA ST",60,"W","N","2016-01-07",3401,"2015-12-22",1428,"222","3401","5","5","0","0",,"0","002","-","N",,0,0,,,0,,,,"N",2,"A","-",22350,,"N","B","H","-","A","A","0","Y","A","07",0,0,1,0,0,0,0,0,0,"-","-","FOLSOM","SACRAMENTO","CA",-121.17397,38.67539
"7149690",-121.1817068,38.6539593,2015,"3401","0","4","4","01",0,2,"B",,,,,"Y",2100,12,"C","-","A","FOLSOM BL","BLUE RAVINE RD",220,"S","N","2016-04-13",3401,"2015-12-17",1911,"198","CA034","5","5","0","0",,"0","004","-","N",,0,0,,,0,,,,"N",3,"A","-",23152,"A","N","A","H","-","C","A","0","Y","-","-",0,0,2,0,0,0,0,0,0,"-","-","FOLSOM","SACRAMENTO","CA",0,0
"7149682",0,0,2015,"3401","0","1","3","00",0,1,"A",,"Y",,,,1200,12,"D","G","A","E BIDWELL","SCHOLAR",0,,"Y","2016-01-07",3401,"2015-12-07",1030,"180","CA034","5","5","0","0",,"0","004","-","N",,0,0,,,0,,,,"N",2,"A","-",21650,"G","N","A","H","-","A","A","0","Y","L","04",0,1,0,0,0,0,1,0,0,"-","-","FOLSOM","SACRAMENTO","CA",0,0
"7149638",-121.4978192,38.6281224,2015,"3404","0","4","3","09",0,2,"A",,,,,,1500,12,"D","C","A","TRUXEL RD","SAN JUAN RD",240,"N","N","2016-01-13",3404,"2015-12-24",1352,"8207","1","5","7","0","0",,"0","00B","-","N",,0,0,,,0,,,,"Y",4,"A","-",21804,"A","N","A","H","-","A","A","0","Y","A","01",0,1,1,0,0,0,0,0,0,"-","-","SACRAMENTO","SACRAMENTO","CA",0,0
"7149558",0,0,2015,"3401","0","4","4","03",0,1,"A",,,,,,1800,12,"C","C","A","E BIDWELL ST","VIA FELICE",100,"E","N","2016-01-12",3401,"2015-12-17",1735,"222","3401","5","5","0","0",,"0","004","-","N",,0,0,,,0,,,,"Y",2,"A","-",22350,,"F","A","H","-","C","A","0","Y","D","22",0,0,1,0,0,0,0,0,0,"-","-","FOLSOM","SACRAMENTO","CA",-121.11767,38.65045
"7149376",-121.271873,38.7076651,2015,"3496","0","6","3","12",0,1,"A",,"Y",,,,1500,10,"H","G","A","SUNRISE AV","ANTELOPE RD",0,,"Y","2016-01-06",3496,"2015-10-24",1329,"402","3496","5","5","0","0",,"0","001","-","N",,0,0,,,0,,,,"N",2,"A","-",21453,"A","N","A","H","-","A","A","0","Y","L","04",0,1,0,0,0,0,1,0,0,"-","-","CITRUS HEIGHTS","SACRAMENTO","CA",0,0
"7148975",-121.5061231,38.495765,2015,"3404","0","4","4","08",0,1,"A",,,,,,900,12,"A","J","A","FLORIN RD","FREEPORT BL",0,,"Y","2016-04-13",3404,"2015-12-17",612,"893","P4","5","7","0","0",,"0","04B","-","N",,0,0,,,0,,,,"Y",1,"A","-",22107,,"N","A","H","-","C","A","0","Y","A","01",0,0,1,0,0,0,0,0,0,"-","-","SACRAMENTO","SACRAMENTO","CA",0,0
"7148628",-121.423453,38.611095,2015,"3404","0","3","4","03",0,1,"A","Y",,,,,1500,12,"D","B","D","EL CAMINO AV","ALBATROSS WY",0,,"Y","2016-01-21",3404,"2015-12-30",1355,"0778","2C","5","7","0","0",,"0",,"-","N",,0,0,,,0,,,,"N",2,"A","-",22350,,"N","A","H","-","A","D","0","Y","D","22",0,0,1,0,1,0,0,0,0,"-","-","SACRAMENTO","SACRAMENTO","CA",0,0
"7147969",-121.3040113,38.7074424,2015,"3496","0","6","4","03",0,4,"A",,,,,,1200,11,"C","C","A","ANTELOPE RD","GARDEN GATE DR",537,"E","N","2016-01-05",3496,"2015-11-28",936,"271","3496","5","5","0","0",,"0","001","-","N",,0,0,,,0,,,,"N",2,"A","-",22350,,"N","A","H","-","A","A","0","Y","A","01",0,0,4,0,0,0,0,0,0,"-","-","CITRUS HEIGHTS","SACRAMENTO","CA",0,0