"CASEID","POINT_X","POINT_Y","YEAR_","LOCATION","CHPTYPE","DAYWEEK","CRASHSEV","VIOLCAT","KILLED","INJURED","WEATHER1","PEDCOL","BICCOL","MCCOL","TRUCKCOL","ETOH","TIMECAT","MONTH_","CRASHTYP","INVOLVE","PED","PRIMARYRD","SECONDRD","DISTANCE","DIRECT","INTERSECT_","PROCDATE","JURIS","DATE_","TIME_","BADGE","JURIDIST","SHIFT","POP","SPECIAL","BEATTYPE","LAPDDIV","BEATCLAS","BEATNUMB","WEATHER2","STATEHW","CALTRANC","CALTRAND","STROUTE","ROUTESUF","POSTPRE","POSTMILE","LOCATYPE","RAMP","SIDEHW","TOWAWAY","PARTIES","PCF","VIOLCODE","VIOL","VIOLSUB","HITRUN","ROADSURF","RDCOND1","RDCOND2","LIGHTING","RIGHTWAY","CHPRDTYP","NOTPRIV","STFAULT","CHPFAULT","SEVINJ","OTHERINJ","COP","PEDKILL","PEDINJ","BICKILL","BICINJ","MCKILL","MCINJURE","RAMP1","RAMP2","CITY","COUNTY","STATE","X_CHP","Y_CHP"
"7143781",-121.2921629,38.679299,2015,"3496","0","2","4","09",0,1,"A",,,,,,1500,11,"D","C","A","SAN JUAN AV","GREENBACK LN",365,"N","N","2015-12-29",3496,"2015-11-10",1407,"145",,"5","5","0","0",,"0","002","-","N",,0,0,,,0,,,,"Y",2,"A","-",21804,"A","N","A","D","-","A","A","0","Y","A","01",0,0,1,0,0,0,0,0,0,"-","-","CITRUS HEIGHTS","SACRAMENTO","CA",0,0
"7143777",-121.3129613,38.7083233,2015,"3496","0","1","3","09",0,5,"A",,,,,,900,11,"D","C","A","LICHEN DR","ANTELOPE RD",408,"N","N","2016-01-07",3496,"2015-11-16",815,"271",,"5","5","0","0",,"0","001","-","N",,0,0,,,0,,,,"Y",2,"A","-",21804,"A","N","A","H","-","A","D","0","Y","A","01",0,2,3,0,0,0,0,0,0,"-","-","CITRUS HEIGHTS","SACRAMENTO","CA",0,0
"7143773",-121.320833,38.6789451,2015,"3496","0","3","4","03",0,1,"A",,,,,,2100,11,"C","-","A","AUBURN BL","GREENBACK LN",0,,"Y","2016-01-07",3496,"2015-11-25",1808,"161",,"5","5","0","0",,"0","003","-","N",,0,0,,,0,,,,"N",3,"A","-",22350,,"N","A","H","-","C","A","0","Y","A","01",0,0,1,0,0,0,0,0,0,"-","-","CITRUS HEIGHTS","SACRAMENTO","CA",0,0
"7143712",-121.2789831,38.718545,2015,"3496","0","6","3","01",0,1,"A",,,,,"Y",2400,12,"E","I","A","TWIN OAKS AV","LEE DR",0,,"Y","2015-12-28",3496,"2015-12-05",2248,"364",,"5","5","0","0",,"0",,"-","N",,0,0,,,0,,,,"Y",1,"A","-",23152,"A","N","A","H","-","D","D","0","Y","A","01",0,1,0,0,0,0,0,0,0,"-","-","CITRUS HEIGHTS","SACRAMENTO","CA",0,0
"7143708",-121.2625431,38.699925,2015,"3496","0","6","3","01",0,2,"A",,,,,"Y",2400,12,"D","C","A","FAIR OAKS BL","PLEASANT VIEW DR",0,,"Y","2015-12-28",3496,"2015-12-05",2347,"373",,"5","5","0","0",,"0","002","-","N",,0,0,,,0,,,,"Y",2,"A","-",23152,,"N","A","H","-","C","D","0","Y","A","01",0,2,0,0,0,0,0,0,0,"-","-","CITRUS HEIGHTS","SACRAMENTO","CA",0,0
"7143699",-121.4978231,38.608105,2015,"3404","0","7","4","01",0,1,"A",,,,,"Y",600,12,"H","-","A","GARDEN HWY","TRUXEL RD",0,,"Y","2016-08-10",3404,"2015-12-13",359,"0624","1","5","7","0","0",,"0","00B","-","N",,0,0,,,0,,,,"Y",1,"A","-",23152,"A","N","A","H","-","C","A","0","Y","A","01",0,0,1,0,0,0,0,0,0,"-","-","SACRAMENTO","SACRAMENTO","CA",0,0
"7143695",-121.463233,38.6272751,2015,"3404","0","7","4","01",0,1,"A",,,"Y",,"Y",300,12,"F","C","A","MABEL ST","BUTTERWORTH AV",0,,"Y","2015-12-28",3404,"2015-12-20",34,"823",,"5","7","0","0",,"0","02B","-","N",,0,0,,,0,,,,"Y",2,"A","-",23152,"A","N","A","H","-","C","D","0","Y","C","06",0,0,1,0,0,0,0,0,1,"-","-","SACRAMENTO","SACRAMENTO","CA",0,0
"7143691",-121.4583447,38.5394751,2015,"3404","0","2","2","00",0,1,"A",,"Y",,,,1800,12,"D","G","A","14TH AV","42ND ST",132,"W","N","2015-12-28",3404,"2015-12-15",1621,"8169",,"5","7","0","0",,"0",,"-","N",,0,0,,,0,,,,"N",2,"D","-",0,,"N","A","H","-","A","D","0","Y","-","-",1,0,0,0,0,0,1,0,0,"-","-","SACRAMENTO","SACRAMENTO","CA",0,0
"7143687",-121.441693,38.6366351,2015,"3404","0","7","3","09",0,3,"C",,,,,,1800,12,"D","C","A","GRAND AV","BELDEN ST",0,,"Y","2015-12-28",3404,"2015-12-20",1748,"0674","2","5","7","0","0",,"0","00A","-","N",,0,0,,,0,,,,"Y",3,"A","-",21804,"A","N","B","H","-","C","A","0","Y","A","01",0,1,2,0,0,0,0,0,0,"-","-","SACRAMENTO","SACRAMENTO","CA",0,0
"7143688",-121.2902968,38.6971079,2015,"3496","0","2","4","01",0,1,"A",,,,,"Y",300,12,"E","I","A","AUBURN BL","MAPLE AV",385,"S","N","2015-12-28",3496,"2015-12-15",203,"399",,"5","5","0","0",,"0",,"-","N",,0,0,,,0,,,,"Y",1,"A","-",23152,"A","N","A","H","-","C","D","0","Y","A","01",0,0,1,0,0,0,0,0,0,"-","-","CITRUS HEIGHTS","SACRAMENTO","CA",0,0
"7143684",-121.2924731,38.678345,2015,"3496","0","1","3","01",0,1,"A",,,,,,1200,12,"E","-","A","GREENBACK LN","SAN JUAN AV",0,,"Y","2015-12-28",3496,"2015-12-07",908,"264","3496","5","5","0","0",,"0","001","-","N",,0,0,,,0,,,,"Y",1,"A","-",23152,"A","N","A","H","-","A","A","0","Y","A","01",0,1,0,0,0,0,0,0,0,"-","-","CITRUS HEIGHTS","SACRAMENTO","CA",0,0
"7143683",-121.4989264,38.562324,2015,"3404","0","1","4","09",0,1,"B",,,,,,1500,12,"D","C","A","RIVERSIDE BL","BROADWAY",360,"S","N","2015-12-28",3404,"2015-12-21",1315,"0405",,"5","7","0","0",,"0",,"C","N",,0,0,,,0,,,,"N",2,"A","-",21804,"A","N","B","H","-","A","D","0","Y","A","01",0,0,1,0,0,0,0,0,0,"-","-","SACRAMENTO","SACRAMENTO","CA",0,0
"7143681",-121.5051345,38.5051606,2015,"3404","0","4","4","07",0,1,"A",,,,"Y",,1200,12,"B","C","A","FREEPORT BL","BELLEAU WOOD LN",100,"S","N","2016-02-23",3404,"2015-12-10",1131,"0729","4","5","7","0","0",,"0","00C","-","N",,0,0,,,0,,,,"N",2,"A","-",21658,"A","N","A","H","-","A","D","0","Y","G","25",0,0,1,0,0,0,0,0,0,"-","-","SACRAMENTO","SACRAMENTO","CA",0,0
"7143620",-121.2943782,38.6783217,2015,"3496","0","2","3","03",0,1,"A",,,,,,1500,11,"C","-","A","GREENBACK LN","SHUPE DR",481,"E","N","2016-01-11",3496,"2015-11-10",1200,"145",,"5","5","0","0",,"0","003","-","N",,0,0,,,0,,,,"Y",2,"A","-",22350,,"N","A","H","-","A","A","0","Y","A","01",0,1,0,0,0,0,0,0,0,"-","-","CITRUS HEIGHTS","SACRAMENTO","CA",0,0
"7143616",-121.2762077,38.6749017,2015,"3496","0","2","4","08",0,1,"C",,,,,,1200,11,"D","-","A","BIRDCAGE ST","FARMGATE WY",560,"N","N","2016-01-12",3496,"2015-11-24",1116,"145",,"5","5","0","0",,"0","003","-","N",,0,0,,,0,,,,"Y",2,"A","-",22102,,"N","B","H","-","A","D","0","Y","A","07",0,0,1,0,0,0,0,0,0,"-","-","CITRUS HEIGHTS","SACRAMENTO","CA",0,0
"7142820",-121.4807559,38.5929558,2015,"3404","0","3","4","00",0,1,"B",,,,,"Y",1500,12,"C","C","A","NORTH 12TH ST","SUNBEAM",78,"N","N","2016-01-19",3404,"2015-12-09",1307,"0345","3A","5","7","0","0",,"0",,"-","N",,0,0,,,0,,,,"Y",2,"A","-",22750,,"N","B","H","-","A","A","0","Y","A","07",0,0,1,0,0,0,0,0,0,"-","-","SACRAMENTO","SACRAMENTO","CA",0,0
"7142817",0,0,2015,"3404","0","2","3","08",0,2,"A",,,,,,1500,12,"D","C","A","ARDEN WY","BUSINESS 80",213,"E","N","2016-01-07",3404,"2015-12-15",1225,"559",,"5","7","0","0",,"0","02C","-","N",,0,0,,,0,,,,"Y",2,"A","-",22107,,"N","A","H","-","A","D","0","Y","J","48",0,1,1,0,0,0,0,0,0,"-","WF","SACRAMENTO","SACRAMENTO","CA",0,0
"7142636",-121.4736354,38.5323922,2015,"3404","0","4","4","09",0,3,"A",,,,,,1800,12,"D","C","A","FRANKLIN BL","ATLAS AV",299,"N","N","2016-01-14",3404,"2015-12-31",1607,"883","4","5","7","0","0",,"0","00B","-","N",,0,0,,,0,,,,"Y",2,"A","-",21804,"A","N","A","H","-","A","D","0","Y","A","01",0,0,3,0,0,0,0,0,0,"-","-","SACRAMENTO","SACRAMENTO","CA",0,0
"7142634",-121.4094932,38.5576536,2015,"3404","0","6","4","02",0,2,"A",,,,,,1200,12,"B","C","A","HOWE AV","COLLEGE TOWN DR",790,"N","N","2016-01-14",3404,"2015-12-26",1155,"8167",,"5","7","0","0",,"0","06E","-","N",,0,0,,,0,,,,"Y",3,"A","-",21654,"A","N","A","H","-","A","D","0","Y","-","-",0,0,2,0,0,0,0,0,0,"-","-","SACRAMENTO","SACRAMENTO","CA",0,0
"7142635",-121.4232493,38.510553,2015,"3404","0","3","4","03",0,1,"B",,,,,,1500,12,"C","C","A","ELDER CREEK RD","PANTANO DR",24,"E","N","2016-01-14",3404,"2015-12-30",1232,"0349","6","5","7","0","0",,"0","06C","-","N",,0,0,,,0,,,,"N",2,"A","-",22350,,"N","A","H","-","A","D","0","Y","D","22",0,0,1,0,0,0,0,0,0,"-","-","SACRAMENTO","SACRAMENTO","CA",0,0
"7142632",-121.4462031,38.6180151,2015,"3404","0","3","2","11",0,1,"A","Y",,,,"Y",2100,12,"G","B","B","RIO LINDA BL","PRICE CT",0,,"Y","2016-01-14",3404,"2015-12-30",1925,"0319",,"5","7","0","0",,"0",,"-","N",,0,0,,,0,,,,"N",2,"A","-",21950,"B","N","A","H","-","C","D","0","Y","N","60",1,0,0,0,1,0,0,0,0,"-","-","SACRAMENTO","SACRAMENTO","CA",0,0
"7142633",-121.4090931,38.542235,2015,"3404","0","6","4","12",0,2,"A",,,,,,1200,12,"D","C","A","POWER INN RD","RAMONA AV",0,,"Y","2016-01-14",3404,"2015-12-26",934,"08167",,"5","7","0","0",,"0","06C","-","N",,0,0,,,0,,,,"Y",2,"A","-",21453,"A","N","A","H","-","A","A","0","Y","D","22",0,0,2,0,0,0,0,0,0,"-","-","SACRAMENTO","SACRAMENTO","CA",0,0
"7142629",-121.4090831,38.505755,2015,"3404","0","1","4","12",0,1,"B",,,,,,300,12,"D","C","A","POWER INN RD","BERRY AV",0,,"Y","2016-01-14",3404,"2015-12-28",11,"0259",,"5","7","0","0",,"0","06C","-","N",,0,0,,,0,,,,"Y",2,"A","-",21453,"A","F","A","H","-","C","A","0","Y","-","-",0,0,1,0,0,0,0,0,0,"-","-","SACRAMENTO","SACRAMENTO","CA",0,0
"7142246",-121.4199495,38.5942702,2015,"3404","0","3","4","03",0,3,"A",,,,,,2100,12,"A","C","A","ETHAN WY","ARDEN WY",1000,"S","N","2016-01-08",3404,"2015-12-09",1935,"0239","S2","5","7","0","0",,"0","00C","-","N",,0,0,,,0,,,,"Y",2,"A","-",22350,,"N","A","H","-","C","D","0","Y","A","01",0,0,3,0,0,0,0,0,0,"-","-","SACRAMENTO","SACRAMENTO","CA",0,0
"7142245",-121.4638031,38.5760451,2015,"3404","0","6","3","09",0,1,"A",,,"Y",,,1500,12,"D","C","A","ALHAMBRA BL","G ST",0,,"Y","2016-01-07",3404,"2015-12-26",1341,"417",,"5","7","0","0",,"0","06D","-","N",,0,0,,,0,,,,"N",2,"A","-",21801,"A","N","A","H","-","A","A","0","Y","A","01",0,1,0,0,0,0,0,0,1,"-","-","SACRAMENTO","SACRAMENTO","CA",0,0
"7142244",-121.3828543,38.5668139,2015,"3404","0","6","4","-",0,1,"C",,,,,,900,12,"E","I","A","WATT AV","FAIR OAKS BL",2640,"S","N","2016-02-29",3404,"2015-12-19",858,"8167",,"5","7","0","0",,"0","06E","-","N",,0,0,,,0,,,,"Y",1,"-","-",0,,"N","B","H","-","-","D","0","Y","-","-",0,0,1,0,0,0,0,0,0,"-","-","SACRAMENTO","SACRAMENTO","CA",0,0
"7142243",-121.4815732,38.579595,2015,"3404","0","3","4","09",0,1,"A",,,,,"Y",1800,12,"D","C","A","H ST","18TH ST",0,,"Y","2016-01-07",3404,"2015-12-23",1652,"0300","3","5","7","0","0",,"0","03B","-","N",,0,0,,,0,,,,"Y",2,"A","-",21802,"A","N","A","H","-","C","A","0","Y","A","08",0,0,1,0,0,0,0,0,0,"-","-","SACRAMENTO","SACRAMENTO","CA",0,0
"7142242",-121.4235056,38.5138056,2015,"3404","0","2","4","03",0,1,"A",,,,,,1800,12,"A","I","A","PRADERA MESA DR","PANTANO DR",100,"E","N","2016-01-08",3404,"2015-12-15",1721,"8171",,"5","7","0","0",,"0",,"-","N",,0,0,,,0,,,,"N",2,"A","-",22350,,"N","A","H","-","E","D","0","Y","A","01",0,0,1,0,0,0,0,0,0,"-","-","SACRAMENTO","SACRAMENTO","CA",0,0
"7142240",-121.4755448,38.6088462,2015,"3404","0","7","3","00",0,1,"A","Y",,,,,2100,12,"G","B","D","NORTHGATE BL","HARDING AV",106,"N","N","2015-12-28",3404,"2015-12-13",1923,"0379","1","5","7","0","0",,"0","00C","-","N",,0,0,,,0,,,,"N",2,"A","-",21954,,"N","A","H","-","C","D","0","Y","N","60",0,1,0,0,1,0,0,0,0,"-","-","SACRAMENTO","SACRAMENTO","CA",0,0
"7142239",-121.5177628,38.6144021,2015,"3404","0","5","3","03",0,1,"A",,,,,,2100,12,"E","C","A","WEST EL CAMINO AV","GATEWAY OAKS DR",170,"W","N","2015-12-28",3404,"2015-12-11",1850,"761","1","5","7","0","0",,"0","00B","-","N",,0,0,,,0,,,,"Y",3,"A","-",22350,,"N","A","H","-","C","A","0","Y","A","01",0,1,0,0,0,0,0,0,0,"-","-","SACRAMENTO","SACRAMENTO","CA",0,0
"7142238",-121.4236283,38.6110936,2015,"3404","0","6","4","09",0,1,"A",,,,,,1800,12,"-","C","A","EL CAMINO AV","ALBATROSS WY",51,"W","N","2015-12-28",3404,"2015-12-05",1738,"0794",,"5","7","0","0",,"0",,"-","N",,0,0,,,0,,,,"N",2,"A","-",21801,"A","N","A","H","-","C","D","0","Y","A","01",0,0,1,0,0,0,0,0,0,"-","-","SACRAMENTO","SACRAMENTO","CA",0,0
"7142237",-121.4755631,38.630375,2015,"3404","0","4","4","08",0,1,"B",,,,,,2100,12,"A","C","A","NORTHGATE BL","W SILVER EAGLE RD",0,,"Y","2016-04-28",3404,"2015-12-03",1804,"554","1","5","7","0","0",,"0","00C","-","N",,0,0,,,0,,,,"Y",2,"A","-",22107,,"N","B","H","-","C","D","0","Y","-","-",0,0,1,0,0,0,0,0,0,"-","-","SACRAMENTO","SACRAMENTO","CA",0,0
"7142236",-121.4404131,38.617445,2015,"3404","0","6","4","01",0,1,"A",,,,,"Y",600,12,"D","C","A","DEL PASO BL","HELENA AV",0,,"Y","2016-01-04",3404,"2015-12-12",512,"0597","2B","5","7","0","0",,"0",,"-","N",,0,0,,,0,,,,"Y",2,"A","-",23153,"A","N","A","H","-","D","A","0","Y","A","01",0,0,1,0,0,0,0,0,0,"-","-","SACRAMENTO","SACRAMENTO","CA",0,0
"7141537",-121.4334031,38.435375,2015,"3450","0","4","4","12",0,2,"A",,,,,,1500,12,"D","C","A","BIG HORN BL","MEADOWSPRING DR",0,,"Y","2016-08-16",340,"2015-12-17",1425,"10414","2104","5","5","0","0",,"0","002","-","N",,0,0,,,0,,,,"Y",2,"A","-",21453,"A","N","A","H","-","A","A","0","Y","A","01",0,0,2,0,0,0,0,0,0,"-","-","ELK GROVE","SACRAMENTO","CA",0,0
"7141533",-121.3788531,38.408975,2015,"3450","0","5","3","12",0,1,"A",,,,,,1500,12,"D","C","A","ELK GROVE BL","EMERALD OAK DR",0,,"Y","2015-12-30",340,"2015-12-18",1457,"10573","5401","5","5","0","0",,"0","005","-","N",,0,0,,,0,,,,"Y",2,"A","-",21453,"A","N","A","H","-","A","A","0","Y","A","07",0,1,0,0,0,0,0,0,0,"-","-","ELK GROVE","SACRAMENTO","CA",0,0
"7141522",-121.1284831,38.658275,2015,"3401","0","3","4","18",0,1,"A",,,,,,1500,12,"A","C","A","E BIDWELL ST","CLARKSVILLE RD",0,,"Y","2015-12-29",3401,"2015-12-02",1206,"129","CA034","5","5","0","0",,"0","004","-","N",,0,0,,,0,,,,"Y",3,"C","-",0,,"M","A","H","-","A","A","0","Y","-","-",0,0,1,0,0,0,0,0,0,"-","-","FOLSOM","SACRAMENTO","CA",-121.12822,38.65836
"7141484",-121.3834189,38.4089551,2015,"3450","0","1","4","09",0,1,"A",,,,,,1500,12,"D","C","A","ELK GROVE BL","E STOCKTON BL",325,"E","N","2015-12-30",340,"2015-12-14",1431,"10621","5401","5","5","0","0",,"0","005","-","N",,0,0,,,0,,,,"Y",2,"A","-",21801,"A","N","A","H","-","A","D","0","Y","A","01",0,0,1,0,0,0,0,0,0,"-","-","ELK GROVE","SACRAMENTO","CA",0,0
"7141380",-121.4874631,38.562735,2015,"3404","0","4","4","12",0,1,"A",,,,,,1500,12,"D","C","A","W ST","19TH ST",0,,"Y","2016-02-17",3404,"2015-12-10",1349,"8207","3","5","7","0","0",,"0","00B","-","N",,0,0,,,0,,,,"Y",2,"A","-",21453,"A","N","A","H","-","A","A","0","Y","A","01",0,0,1,0,0,0,0,0,0,"-","-","SACRAMENTO","SACRAMENTO","CA",0,0
"7141338",0,0,2015,"3404","0","1","4","01",0,1,"B",,,,,"Y",2400,12,"E","I","A","GARDEN HWY","NORTHGATE BL",142,"E","N","2016-08-10",3404,"2015-12-14",2352,"823",,"5","7","0","0",,"0","01C","-","N",,0,0,,,0,,,,"Y",1,"A","-",23152,"A","N","A","H","-","D","D","0","Y","A","01",0,0,1,0,0,0,0,0,0,"-","-","SACRAMENTO","SACRAMENTO","CA",0,0
"7141334",-121.4974757,38.6109651,2015,"3404","0","3","3","11",0,1,"A","Y",,,,,2100,12,"A","B","D","WATERWHEEL DR","TRUXEL RD",105,"E","N","2015-12-23",3404,"2015-12-16",1842,"0432",,"5","7","0","0",,"0",,"-","N",,0,0,,,0,,,,"N",2,"A","-",21954,"A","N","A","H","-","D","D","0","Y","N","60",0,1,0,0,1,0,0,0,0,"-","-","SACRAMENTO","SACRAMENTO","CA",0,0
"7141330",0,0,2015,"3404","0","4","4","03",0,1,"A",,,,,,2100,12,"C","C","A","HOWE AV","LA RIVIERA",85,"E","N","2015-12-23",3404,"2015-12-17",1821,"388","6","5","7","0","0",,"0","00E","-","N",,0,0,,,0,,,,"Y",2,"A","-",22350,,"N","A","H","-","B","D","0","Y","A","01",0,0,1,0,0,0,0,0,0,"-","-","SACRAMENTO","SACRAMENTO","CA",-121.24333,38.33233
"7141326",-121.4706753,38.5602457,2015,"3404","0","4","4","08",0,1,"A",,,"Y",,,1500,12,"D","C","A","ALHAMBRA BL","U ST",177,"S","N","2015-12-23",3404,"2015-12-17",1253,"779","6","5","7","0","0",,"0","00D","-","N",,0,0,,,0,,,,"N",2,"A","-",22103,,"N","A","H","-","A","D","0","Y","A","07",0,0,1,0,0,0,0,0,1,"-","-","SACRAMENTO","SACRAMENTO","CA",0,0
"7141322",-121.4830101,38.5762861,2015,"3404","0","5","4","10",0,1,"C","Y",,,,,2100,12,"G","B","B","K ST","18TH ST",10,"E","N","2015-12-23",3404,"2015-12-18",2010,"0300","3","5","7","0","0",,"0","03B","-","N",,0,0,,,0,,,,"N",2,"A","-",21950,"A","N","B","H","-","D","A","0","Y","A","01",0,0,1,0,1,0,0,0,0,"-","-","SACRAMENTO","SACRAMENTO","CA",0,0
"7141226",-121.4758403,38.5755882,2015,"3404","0","7","3","11",0,1,"A","Y",,,,"Y",300,12,"G","B","B","J ST","23RD ST",19,"E","N","2015-12-29",3404,"2015-12-13",232,"8168","3","5","7","0","0",,"0","00B","-","N",,0,0,,,0,,,,"N",2,"A","-",21456,"B","N","A","H","-","C","A","0","Y","N","60",0,1,0,0,1,0,0,0,0,"-","-","SACRAMENTO","SACRAMENTO","CA",0,0
"7141079",-121.4373107,38.6365646,2015,"3404","0","6","4","03",0,1,"A",,,,,,600,12,"E","I","A","GRAND AV","ALDER ST",15,"E","N","2015-12-23",3404,"2015-12-19",537,"8168","2","5","7","0","0",,"0","00A","-","N",,0,0,,,0,,,,"Y",1,"A","-",22350,,"N","B","H","-","C","A","0","Y","D","22",0,0,1,0,0,0,0,0,0,"-","-","SACRAMENTO","SACRAMENTO","CA",0,0
"7141071",-121.3939831,38.6428551,2015,"3404","0","3","4","09",0,1,"A",,,"Y",,,1800,12,"D","C","A","LONGVIEW DR","RT 80",0,,"Y","2017-01-31",3404,"2015-12-16",1731,"260","2A","5","7","0","0",,"0","02A","-","Y","SAC",3,80,"-","M",9.612,"R","4","E","Y",2,"A","-",21801,"A","N","A","H","-","C","A","0","Y","A","01",0,0,1,0,0,0,0,0,1,"-","EO","SACRAMENTO","SACRAMENTO","CA",0,0
"7140483",-121.4593501,38.4244409,2015,"3450","0","3","4","18",0,1,"A",,,,,,2100,12,"E","I","A","LAGUNA BL","DWIGHT RD",127,"E","N","2015-12-21",340,"2015-12-09",1801,"10054","1207","5","5","0","0",,"0","001","-","N",,0,0,,,0,,,,"Y",1,"C","-",0,,"N","A","H","-","C","D","0","Y","-","-",0,0,1,0,0,0,0,0,0,"-","-","ELK GROVE","SACRAMENTO","CA",0,0
"7140477",-121.2992349,38.4322157,2015,"3450","0","7","4","03",0,2,"A",,,,,,1500,12,"C","C","A","GRANT LINE RD","ALEILANI LN",165,"S","N","2016-02-09",340,"2015-12-06",1359,"10636","3701","5","5","0","0",,"0","003","-","N",,0,0,,,0,,,,"Y",2,"A","-",22350,,"N","A","H","-","A","D","0","Y","A","07",0,0,2,0,0,0,0,0,0,"-","-","ELK GROVE","SACRAMENTO","CA",0,0
"7140473",-121.373491,38.4235551,2015,"3450","0","5","4","03",0,1,"A",,,,,,900,12,"C","C","A","BOND RD","ELK GROVE FLORIN RD",515,"W","N","2015-12-21",340,"2015-12-04",652,"10334","3404","5","5","0","0",,"0","003","-","N",,0,0,,,0,,,,"Y",4,"A","-",22350,,"N","B","H","-","A","D","0","Y","A","07",0,0,1,0,0,0,0,0,0,"-","-","ELK GROVE","SACRAMENTO","CA",0,0
"7140307",-121.4232218,38.5105523,2015,"3404","0","7","3","17",0,1,"A",,"Y",,,,2400,12,"C","G","A","ELDER CREEK RD","RANCHO ADOBE DR",200,"W","N","2015-12-21",3404,"2015-12-13",2351,"388","6","5","7","0","0",,"0","00C","-","N",,0,0,,,0,,,,"N",2,"A","-",21209,,"F","A","H","-","C","D","0","Y","A","07",0,1,0,0,0,0,1,0,0,"-","-","SACRAMENTO","SACRAMENTO","CA",0,0
"7140264",0,0,2015,"3450","0","3","3","07",0,1,"A",,,"Y",,,900,12,"B","C","A","FRANKLIN BL","LAGUNA OAKS DR",45,"E","N","2015-12-21",340,"2015-12-02",638,"10150","2302","5","5","0","0",,"0","002","-","N",,0,0,,,0,,,,"Y",2,"A","-",21658,"A","M","A","H","-","C","D","0","Y","A","01",0,1,0,0,0,0,0,0,1,"-","-","ELK GROVE","SACRAMENTO","CA",0,0
"7138827",0,0,2015,"3404","0","6","4","03",0,1,"A",,,,,,1800,12,"C","C","A","TRUXEL RD","THE WESTBOUND TRUXEL RD OFF RAMP",30,"N","N","2015-12-28",3404,"2015-12-19",1718,"0904","1A","5","7","0","0",,"0",,"-","N",,0,0,,,0,,,,"N",2,"A","-",22350,,"N","A","H","-","C","A","0","Y","A","01",0,0,1,0,0,0,0,0,0,"-","-","SACRAMENTO","SACRAMENTO","CA",0,0
"7138823",-121.4937583,38.5610657,2015,"3404","0","7","2","10",0,1,"B","Y",,,,,2100,12,"G","B","B","LAND PARK DR","MARTY WY",24,"S","N","2015-12-28",3404,"2015-12-20",1816,"883","4","5","7","0","0",,"0","00A","C","N",,0,0,,,0,,,,"N",2,"A","-",21950,"A","N","B","H","-","C","D","0","Y","A","01",1,0,0,0,1,0,0,0,0,"-","-","SACRAMENTO","SACRAMENTO","CA",0,0
"7138819",-121.4398576,38.6058342,2015,"3404","0","6","4","03",0,1,"A",,,,,,1200,12,"C","C","A","ARDEN WY","HARVARD ST",550,"W","N","2015-12-28",3404,"2015-12-19",1047,"779","2","5","7","0","0",,"0","00C","-","N",,0,0,,,0,,,,"Y",4,"A","-",22350,,"N","B","H","-","A","D","0","Y","A","07",0,0,1,0,0,0,0,0,0,"-","-","SACRAMENTO","SACRAMENTO","CA",0,0
"7138815",-121.4799799,38.5730732,2015,"3404","0","6","4","03",0,1,"B",,,,,,1800,12,"C","C","A","21ST ST","CAPITOL AV",30,"N","N","2015-12-28",3404,"2015-12-12",1544,"0425","3","5","7","0","0",,"0","03B","-","N",,0,0,,,0,,,,"N",2,"A","-",22350,,"N","A","H","-","C","D","0","Y","A","01",0,0,1,0,0,0,0,0,0,"-","-","SACRAMENTO","SACRAMENTO","CA",0,0
"7138811",0,0,2015,"3404","0","7","4","12",0,2,"A",,,,,,1200,12,"-","C","A","E COMMERCE WY","MIKE WALDRON DR",0,,"Y","2015-12-28",3404,"2015-12-13",1054,"8207","1","5","7","0","0",,"0","00A","-","N",,0,0,,,0,,,,"Y",2,"A","-",21453,"A","F","A","H","-","A","A","0","Y","A","01",0,0,2,0,0,0,0,0,0,"-","-","SACRAMENTO","SACRAMENTO","CA",0,0
"7138807",-121.4211231,38.6207851,2015,"3404","0","2","4","05",0,1,"A",,"Y",,,,1800,12,"B","G","A","MARCONI AV","MARCONI CIR",0,,"Y","2015-12-29",3404,"2015-12-15",1720,"0904","2C","5","7","0","0",,"0",,"-","N",,0,0,,,0,,,,"N",2,"A","-",21650,"1","N","A","H","-","C","D","0","Y","L","04",0,0,1,0,0,0,1,0,0,"-","-","SACRAMENTO","SACRAMENTO","CA",0,0
"7138803",-121.4599131,38.476125,2015,"3404","0","7","4","08",0,3,"A",,,,,,1800,12,"D","C","A","MACK RD","ARCHEAN WY",0,,"Y","2015-12-29",3404,"2015-12-13",1739,"580","5","5","7","0","0",,"0","00B","-","N",,0,0,,,0,,,,"Y",2,"A","-",22107,,"N","A","H","-","C","D","0","Y","A","01",0,0,3,0,0,0,0,0,0,"-","-","SACRAMENTO","SACRAMENTO","CA",0,0
"7138608",-121.471793,38.524935,2015,"3404","0","4","4","12",0,1,"A",,,,,,1200,12,"D","C","A","FRUITRIDGE RD","FRANKLIN BL",0,,"Y","2016-02-16",3404,"2015-12-10",913,"8207","4","5","7","0","0",,"0","00B","-","N",,0,0,,,0,,,,"Y",2,"A","-",21453,"A","N","B","H","-","A","A","0","Y","A","01",0,0,1,0,0,0,0,0,0,"-","-","SACRAMENTO","SACRAMENTO","CA",0,0
"7138557",0,0,2015,"3404","0","3","4","03",0,1,"A",,,,,,1200,12,"C","C","A","SUTTERVILLE RD","PARTRIDGE RD",56,"E","N","2015-12-28",3404,"2015-12-16",900,"0693","4","5","7","0","0",,"0","04A","-","N",,0,0,,,0,,,,"Y",3,"A","-",22350,,"N","A","H","-","A","D","0","Y","A","01",0,0,1,0,0,0,0,0,0,"-","-","SACRAMENTO","SACRAMENTO","CA",0,0