"CASEID","POINT_X","POINT_Y","YEAR_","LOCATION","CHPTYPE","DAYWEEK","CRASHSEV","VIOLCAT","KILLED","INJURED","WEATHER1","PEDCOL","BICCOL","MCCOL","TRUCKCOL","ETOH","TIMECAT","MONTH_","CRASHTYP","INVOLVE","PED","PRIMARYRD","SECONDRD","DISTANCE","DIRECT","INTERSECT_","PROCDATE","JURIS","DATE_","TIME_","BADGE","JURIDIST","SHIFT","POP","SPECIAL","BEATTYPE","LAPDDIV","BEATCLAS","BEATNUMB","WEATHER2","STATEHW","CALTRANC","CALTRAND","STROUTE","ROUTESUF","POSTPRE","POSTMILE","LOCATYPE","RAMP","SIDEHW","TOWAWAY","PARTIES","PCF","VIOLCODE","VIOL","VIOLSUB","HITRUN","ROADSURF","RDCOND1","RDCOND2","LIGHTING","RIGHTWAY","CHPRDTYP","NOTPRIV","STFAULT","CHPFAULT","SEVINJ","OTHERINJ","COP","PEDKILL","PEDINJ","BICKILL","BICINJ","MCKILL","MCINJURE","RAMP1","RAMP2","CITY","COUNTY","STATE","X_CHP","Y_CHP"
"7132736",-121.5278227,38.514668,2015,"3404","0","3","4","03",0,2,"B",,,,,,900,12,"C","C","A","RIVERSIDE BL","GREENHAVEN DR",105,"W","N","2015-12-17",3404,"2015-12-09",755,"0600","4","5","7","0","0",,"0","04C","-","N",,0,0,,,0,,,,"Y",5,"A","-",22350,,"N","B","H","-","A","A","0","Y","A","07",0,0,2,0,0,0,0,0,0,"-","-","SACRAMENTO","SACRAMENTO","CA",0,0
"7132732",-121.4712648,38.5249774,2015,"3404","0","4","3","07",0,1,"B",,,,,,2400,12,"C","C","A","FRUITRIDGE RD","FRANKLIN BL",160,"E","N","2015-12-17",3404,"2015-12-10",2255,"0399","4B","5","7","0","0",,"0",,"-","N",,0,0,,,0,,,,"N",2,"A","-",21658,"A","N","A","H","-","C","D","0","Y","A","01",0,1,0,0,0,0,0,0,0,"-","-","SACRAMENTO","SACRAMENTO","CA",0,0
"7132728",-121.5052565,38.4813451,2015,"3404","0","3","4","03",0,1,"B",,,,,,900,12,"C","C","A","POCKET RD","FREEPORT BL",21,"W","N","2015-12-17",3404,"2015-12-09",802,"0679","5","5","7","0","0",,"0","00A","-","N",,0,0,,,0,,,,"N",2,"A","-",22350,,"N","B","H","-","A","A","0","Y","A","07",0,0,1,0,0,0,0,0,0,"-","-","SACRAMENTO","SACRAMENTO","CA",0,0
"7132724",-121.5017654,38.4812351,2015,"3404","0","1","3","08",0,1,"A",,"Y",,,,1200,12,"D","G","A","MEADOWVIEW RD","AMHERST ST",135,"W","N","2015-12-17",3404,"2015-12-07",938,"8168","5","5","7","0","0",,"0","00A","-","N",,0,0,,,0,,,,"N",2,"A","-",22107,,"N","A","H","-","A","D","0","Y","L","04",0,1,0,0,0,0,1,0,0,"-","-","SACRAMENTO","SACRAMENTO","CA",0,0
"7132664",-121.4831931,38.524785,2015,"3404","0","4","4","00",0,1,"B",,,,,,1800,12,"A","C","A","FRUITRIDGE RD","24TH ST",0,,"Y","2015-12-18",3404,"2015-12-03",1544,"8169",,"5","7","0","0",,"0",,"-","N",,0,0,,,0,,,,"Y",3,"A","-",23153,"F","N","B","H","-","A","A","0","Y","D","22",0,0,1,0,0,0,0,0,0,"-","-","SACRAMENTO","SACRAMENTO","CA",0,0
"7132660",-121.5112331,38.5685851,2015,"3404","0","4","2","12",0,1,"A",,,,,,1200,12,"D","C","A","W ST","5TH ST",0,,"Y","2017-01-31",3404,"2015-12-10",923,"0679","3","5","7","0","0",,"0","00A","-","Y","SAC",3,50,"-","L",0.432,"R","4","W","Y",3,"A","-",21453,"A","N","B","H","-","A","A","0","Y","A","01",1,0,0,0,0,0,0,0,0,"-","-","SACRAMENTO","SACRAMENTO","CA",0,0
"7132656",-121.5163963,38.4805692,2015,"3404","0","4","4","-",0,1,"B",,,,,,900,12,"B","C","A","POCKET RD","GREENHAVEN DR",39,"W","N","2016-01-05",3404,"2015-12-10",642,"0679","4","5","7","0","0",,"0","00C","-","N",,0,0,,,0,,,,"N",2,"A","-",0,,"N","B","H","-","C","A","0","Y","-","-",0,0,1,0,0,0,0,0,0,"-","-","SACRAMENTO","SACRAMENTO","CA",0,0
"7132238",-121.4477619,38.6612651,2015,"3404","0","7","4","03",0,2,"A",,,,,,1500,11,"C","C","A","RIO LINDA BL","MARYSVILLE BL",306,"S","N","2015-12-21",3404,"2015-11-29",1433,"8207","2","5","7","0","0",,"0","00A","-","N",,0,0,,,0,,,,"Y",3,"A","-",22350,,"N","A","H","-","A","A","0","Y","A","01",0,0,2,0,0,0,0,0,0,"-","-","SACRAMENTO","SACRAMENTO","CA",0,0
"7132218",-121.4251471,38.5985212,2015,"3404","0","3","4","03",0,1,"A",,,,,,2100,11,"C","C","A","ARDEN WY","CHALLENGE WY",52,"W","N","2015-12-10",3404,"2015-11-25",1859,"8200","2","5","7","0","0",,"0","00C","-","N",,0,0,,,0,,,,"N",2,"A","-",22350,,"F","A","H","-","C","-","0","Y","A","01",0,0,1,0,0,0,0,0,0,"-","-","SACRAMENTO","SACRAMENTO","CA",0,0
"7132214",-121.3907358,38.5322995,2015,"3404","0","1","4","03",0,1,"A",,,,,,1800,11,"C","C","A","FLORIN PERKINS RD","23RD AV",140,"N","N","2015-12-23",3404,"2015-11-23",1648,"8162","6","5","7","0","0",,"0","06E","-","N",,0,0,,,0,,,,"Y",2,"A","-",22350,,"N","A","H","-","B","D","0","Y","A","01",0,0,1,0,0,0,0,0,0,"-","-","SACRAMENTO","SACRAMENTO","CA",0,0
"7132213",-121.4461931,38.616555,2015,"3404","0","3","4","09",0,1,"A",,,,,,1500,11,"A","C","A","ELEANOR AV","RIO LINDA BL",0,,"Y","2015-12-09",3404,"2015-11-18",1454,"0469",,"5","7","0","0",,"0",,"-","N",,0,0,,,0,,,,,2,"A","-",21801,"A","F","A","H","-","A","A","0","Y","-",,0,0,1,0,0,0,0,0,0,"-","-","SACRAMENTO","SACRAMENTO","CA",0,0
"7132210",0,0,2015,"3404","0","4","2","09",0,1,"A",,"Y",,,,2100,11,"D","G","A","FOLSOM BL","FOLSOM BL 8745",18,"E","N","2015-12-10",3404,"2015-11-05",1806,"378","6","5","7","0","0",,"0","00E","-","N",,0,0,,,0,,,,"N",2,"A","-",21804,"A","N","A","H","-","C","A","0","Y","L","04",1,0,0,0,0,0,1,0,0,"-","-","SACRAMENTO","SACRAMENTO","CA",0,0
"7132201",-121.4569431,38.636805,2015,"3404","0","4","4","09",0,1,"A",,,,,,1800,11,"A","C","A","NORWOOD AV","GRAND AV",0,,"Y","2015-12-09",3404,"2015-11-26",1631,"779","2","5","7","0","0",,"0","00A","-","N",,0,0,,,0,,,,"Y",3,"A","-",21453,"C","N","A","H","-","B","A","0","Y","A","01",0,0,1,0,0,0,0,0,0,"-","-","SACRAMENTO","SACRAMENTO","CA",0,0
"7132198",-121.5040931,38.597055,2015,"3404","0","3","4","12",0,1,"A",,,,,,2400,11,"D","C","A","NORTH 16TH ST","RICHARDS BL",0,,"Y","2015-12-09",3404,"2015-11-25",2303,"0665","3","5","7","0","0",,"0","00A","-","N",,0,0,,,0,,,,"Y",2,"A","-",21453,"A","N","A","H","-","C","A","0","Y","A","01",0,0,1,0,0,0,0,0,0,"-","-","SACRAMENTO","SACRAMENTO","CA",0,0
"7132197",-121.4956431,38.582125,2015,"3404","0","4","4","10",0,1,"A","Y",,,,,2100,11,"G","B","B","I ST","8TH ST",0,,"Y","2015-12-10",3404,"2015-11-19",1944,"8162","3","5","7","0","0",,"0","03M","-","N",,0,0,,,0,,,,"N",2,"A","-",21950,"A","N","A","-","-","C","A","0","Y","A","01",0,0,1,0,1,0,0,0,0,"-","-","SACRAMENTO","SACRAMENTO","CA",0,0
"7132193",-121.4437031,38.5670351,2015,"3404","0","1","4","09",0,1,"A",,,,,,2100,11,"A","C","A","J ST","48TH ST",0,,"Y","2015-12-09",3404,"2015-11-23",1809,"8162","6","5","7","0","0",,"0","06D","-","N",,0,0,,,0,,,,"Y",2,"A","-",21801,"A","N","A","H","-","C","A","0","Y","A","01",0,0,1,0,0,0,0,0,0,"-","-","SACRAMENTO","SACRAMENTO","CA",0,0
"7132173",-121.4680631,38.5527251,2015,"3404","0","1","4","09",0,1,"A",,,,,,1200,11,"D","C","A","35TH ST","2ND AV",0,,"Y","2015-12-09",3404,"2015-11-23",1013,"875","6","5","7","0","0",,"0","00A","-","N",,0,0,,,0,,,,"N",2,"A","-",21802,"A","N","A","H","-","A","A","0","Y","A","01",0,0,1,0,0,0,0,0,0,"-","-","SACRAMENTO","SACRAMENTO","CA",0,0
"7132169",-121.4755332,38.6259847,2015,"3404","0","1","4","03",0,1,"A",,,,,,900,11,"-","C","A","NORTHGATE BL","WINTERHAVEN AV",357,"S","N","2015-12-09",3404,"2015-11-30",818,"617",,"5","7","0","0",,"0","01C","-","N",,0,0,,,0,,,,"N",2,"A","-",22350,,"N","A","H","-","A","B","0","Y","A","01",0,0,1,0,0,0,0,0,0,"-","-","SACRAMENTO","SACRAMENTO","CA",0,0
"7132127",-121.4275739,38.5221385,2015,"3404","0","4","4","03",0,1,"A",,,,,,1800,11,"C","C","A","65TH ST EXPWY","JANSEN DR",34,"N","N","2015-12-10",3404,"2015-11-26",1647,"8169",,"5","7","0","0",,"0",,"-","N",,0,0,,,0,,,,"Y",3,"A","-",22350,,"F","A","H","-","C","D","0","Y","A","01",0,0,1,0,0,0,0,0,0,"-","-","SACRAMENTO","SACRAMENTO","CA",0,0
"7132126",-121.4707269,38.5249687,2015,"3404","0","4","4","00",0,1,"B",,,,,,1800,12,"B","C","A","FRUITRIDGE RD","34TH ST",64,"W","N","2016-01-06",3404,"2015-12-03",1549,"8169",,"5","7","0","0",,"0",,"-","N",,0,0,,,0,,,,"Y",4,"A","-",23153,"F","F","B","H","-","A","A","0","Y","D","22",0,0,1,0,0,0,0,0,0,"-","-","SACRAMENTO","SACRAMENTO","CA",0,0
"7132118",-121.4461931,38.623825,2015,"3404","0","4","3","08",0,2,"C",,,,,,2100,12,"A","C","A","RIO LINDA BL","SONOMA AV",0,,"Y","2015-12-21",3404,"2015-12-03",2054,"0290",,"5","7","0","0",,"0","02B","-","N",,0,0,,,0,,,,"Y",2,"A","-",22107,,"F","B","H","-","C","D","0","Y","-",,0,1,1,0,0,0,0,0,0,"-","-","SACRAMENTO","SACRAMENTO","CA",0,0
"7132114",-121.4644334,38.525013,2015,"3404","0","4","4","00",0,4,"C",,,,,,1800,12,"C","C","A","FRUITRIDGE RD","MARTIN LUTHER KING JR BL",60,"E","N","2015-12-14",3404,"2015-12-03",1545,"0280","6","5","7","0","0",,"0","00A","-","N",,0,0,,,0,,,,"Y",4,"A","-",20001,"A","F","B","H","-","A","A","0","Y","D","22",0,0,4,0,0,0,0,0,0,"-","-","SACRAMENTO","SACRAMENTO","CA",0,0
"7132113",0,0,2015,"3404","0","3","4","04",0,3,"A",,,,,,1800,12,"C","C","A","SAN JUAN RD","SODA WY",0,,"Y","2015-12-14",3404,"2015-12-02",1523,"0788","1","5","7","0","0",,"0","01A","-","N",,0,0,,,0,,,,"Y",3,"A","-",21703,,"N","A","H","-","A","D","0","Y","A","08",0,0,3,0,0,0,0,0,0,"-","-","SACRAMENTO","SACRAMENTO","CA",0,0
"7132086",-121.4091684,38.5287109,2015,"3404","0","4","3","03",0,1,"A",,,,,,2100,11,"C","C","A","POWER INN RD","FRUITRIDGE RD",1324,"N","N","2016-01-11",3404,"2015-11-12",1826,"8162","6","5","7","0","0",,"0","06C","-","N",,0,0,,,0,,,,"Y",2,"A","-",22350,,"N","A","H","-","D","D","0","Y","D","22",0,1,0,0,0,0,0,0,0,"-","-","SACRAMENTO","SACRAMENTO","CA",0,0
"7131259",-121.43651,38.6209357,2015,"3404","0","7","4","08",0,1,"A",,,,,,2100,11,"E","I","A","MARYSVILLE BL","ACACIA AV",180,"S","N","2015-12-04",3404,"2015-11-29",2057,"0913",,"5","7","0","0",,"0","02B","-","N",,0,0,,,0,,,,"Y",1,"A","-",22107,,"N","A","H","-","C","A","0","Y","A","01",0,0,1,0,0,0,0,0,0,"-","-","SACRAMENTO","SACRAMENTO","CA",0,0
"7131261",-121.4831248,38.5139152,2015,"3404","0","2","2","05",0,3,"A",,,,,,2100,11,"A","C","A","24TH ST","43RD AV",102,"N","N","2015-12-04",3404,"2015-11-24",1827,"8169",,"5","7","0","0",,"0",,"-","N",,0,0,,,0,,,,"Y",3,"A","-",21650,,"N","A","H","-","C","D","0","Y","A","01",1,1,1,0,0,0,0,0,0,"-","-","SACRAMENTO","SACRAMENTO","CA",0,0
"7131257",-121.4461931,38.6249551,2015,"3404","0","1","4","12",0,1,"A",,,,,,1800,11,"A","C","A","RIO LINDA BL","ARCADE BL",0,,"Y","2015-12-04",3404,"2015-11-30",1636,"8191","SACTO","5","7","0","0",,"0","02B","-","N",,0,0,,,0,,,,"Y",2,"A","-",22450,"A","N","A","H","-","B","A","0","Y","A","01",0,0,1,0,0,0,0,0,0,"-","-","SACRAMENTO","SACRAMENTO","CA",0,0
"7130431",-121.4306131,38.6329251,2015,"3404","0","2","4","09",0,2,"A",,,,,,1200,12,"A","C","A","SOUTH AV","MARYSVILLE BL",0,,"Y","2015-12-09",3404,"2015-12-01",952,"733",,"5","7","0","0",,"0","02A","-","N",,0,0,,,0,,,,"N",2,"A","-",21801,"A","N","A","H","-","A","A","0","Y","A","01",0,0,2,0,0,0,0,0,0,"-","-","SACRAMENTO","SACRAMENTO","CA",0,0
"7130427",-121.4803531,38.478095,2015,"3404","0","2","4","09",0,2,"A",,,,,,900,12,"D","C","A","24TH ST","CRAIG AV",0,,"Y","2015-12-09",3404,"2015-12-01",749,"219","5","5","7","0","0",,"0","00A","-","N",,0,0,,,0,,,,"Y",2,"A","-",21801,"A","N","A","H","-","A","A","0","Y","A","01",0,0,2,0,0,0,0,0,0,"-","-","SACRAMENTO","SACRAMENTO","CA",0,0
"7130407",0,0,2015,"3404","0","3","4","21",0,1,"A","Y",,,,,1200,12,"H","B","F","STOCKTON BL","STOCKTON BL 5610",120,"W","N","2015-12-09",3404,"2015-12-02",1108,"759",,"5","7","0","0",,"0","03B","-","N",,0,0,,,0,,,,"N",2,"A","-",22106,,"N","A","H","-","A","D","0","Y","A","01",0,0,1,0,1,0,0,0,0,"-","-","SACRAMENTO","SACRAMENTO","CA",0,0
"7130403",-121.5014831,38.565265,2015,"3404","0","2","4","12",0,2,"B",,,,,,1500,12,"D","C","A","9TH ST","X ST",0,,"Y","2015-12-09",3404,"2015-12-01",1356,"0600","4","5","7","0","0",,"0","04A","-","N",,0,0,,,0,,,,"Y",2,"A","-",21453,"A","N","A","H","-","A","A","0","Y","A","01",0,0,2,0,0,0,0,0,0,"-","-","SACRAMENTO","SACRAMENTO","CA",0,0
"7130159",0,0,2015,"3404","0","3","4","12",0,2,"A",,,,,,1500,11,"D","C","A","TRUXEL RD","ARENA BL",20,"N","N","2015-12-09",3404,"2015-11-11",1452,"0636",,"5","7","0","0",,"0",,"-","N",,0,0,,,0,,,,"Y",2,"A","-",21453,"A","N","A","H","-","A","A","0","Y","-",,0,0,2,0,0,0,0,0,0,"-","-","SACRAMENTO","SACRAMENTO","CA",0,0
"7130095",-121.4090859,38.5494401,2015,"3404","0","1","4","07",0,1,"A",,,,,,2100,11,"B","C","A","FOLSOM BL","POWER INN RD",20,"E","N","2015-12-10",3404,"2015-11-30",2001,"8162","6","5","7","0","0",,"0","06E","-","N",,0,0,,,0,,,,"N",2,"A","-",21658,"A","N","A","H","-","D","D","0","Y","A","01",0,0,1,0,0,0,0,0,0,"-","-","SACRAMENTO","SACRAMENTO","CA",0,0
"7130091",-121.4532331,38.611125,2015,"3404","0","3","4","12",0,3,"A",,,,,,1500,11,"D","C","A","EL CAMINO AV","FAIRFIELD ST",0,,"Y","2015-12-09",3404,"2015-11-25",1450,"214",,"5","7","0","0",,"0","02C","-","N",,0,0,,,0,,,,"Y",2,"A","-",22450,,"N","A","H","-","A","A","0","Y","-",,0,0,3,0,0,0,0,0,0,"-","-","SACRAMENTO","SACRAMENTO","CA",0,0
"7129921",-121.4957111,38.5784609,2015,"3404","0","2","4","03",0,1,"A",,,,,,1500,12,"C","C","A","9TH ST","L ST",10,"N","N","2015-12-09",3404,"2015-12-01",1422,"8193","3","5","7","0","0",,"0","00M","-","N",,0,0,,,0,,,,"N",2,"A","-",22350,,"N","A","H","-","A","A","0","Y","A","01",0,0,1,0,0,0,0,0,0,"-","-","SACRAMENTO","SACRAMENTO","CA",0,0
"7129847",-121.390573,38.507225,2015,"3404","0","5","4","07",0,2,"A",,,,,,1200,11,"B","C","A","FLORIN PERKINS RD","ROVANA CIR",0,,"Y","2016-02-10",3404,"2015-11-20",1017,"743","P6","5","7","0","0",,"0","00C","-","N",,0,0,,,0,,,,"Y",2,"A","-",21658,"A","N","A","H","-","A","D","0","Y","A","01",0,0,2,0,0,0,0,0,0,"-","-","SACRAMENTO","SACRAMENTO","CA",0,0
"7129843",-121.4358731,38.510495,2015,"3404","0","2","4","-",0,1,"A",,,,"Y",,2400,12,"B","C","A","STOCKTON BL","47TH AV",0,"N","N","2016-02-08",3404,"2015-12-01",2324,"479",,"5","7","0","0",,"0","06B","-","N",,0,0,,,0,,,,"Y",2,"A","-",0,,"N","A","H","-","C","A","0","Y","F","25",0,0,1,0,0,0,0,0,0,"-","-","SACRAMENTO","SACRAMENTO","CA",0,0
"7128305",-121.4840331,38.612475,2015,"3404","0","7","4","03",0,1,"A",,,,,,1800,11,"E","E","A","WEST EL CAMINO AV","FAIRWEATHER DR",0,,"Y","2015-12-07",3404,"2015-11-29",1620,"8191","SACRA","5","7","0","0",,"0","01B","-","N",,0,0,,,0,,,,"Y",3,"A","-",22350,,"N","A","H","-","A","A","0","Y","A","01",0,0,1,0,0,0,0,0,0,"-","-","SACRAMENTO","SACRAMENTO","CA",0,0
"7128301",-121.5011631,38.513115,2015,"3404","0","7","3","12",0,1,"A",,,,,,1500,11,"D","C","A","FREEPORT BL","BLAIR AV",0,,"Y","2015-12-07",3404,"2015-11-29",1454,"8168","4","5","7","0","0",,"0","00C","-","N",,0,0,,,0,,,,"Y",2,"A","-",21453,"A","N","A","H","-","A","A","0","Y","A","01",0,1,0,0,0,0,0,0,0,"-","-","SACRAMENTO","SACRAMENTO","CA",0,0
"7128297",-121.5232314,38.5198015,2015,"3404","0","2","4","08",0,2,"A",,,,,,1800,11,"D","C","A","RIVERSIDE BL","35TH AV",1320,"S","N","2015-12-07",3404,"2015-11-17",1711,"8139",,"5","7","0","0",,"0","04C","-","N",,0,0,,,0,,,,"Y",2,"A","-",22103,,"N","A","H","-","C","D","0","Y","A","01",0,0,2,0,0,0,0,0,0,"-","-","SACRAMENTO","SACRAMENTO","CA",0,0
"7128293",-121.3907331,38.538355,2015,"3404","0","7","4","03",0,1,"A",,,,,,1200,11,"C","C","A","FLORIN PERKINS RD","BELVEDERE AV",0,,"Y","2015-12-07",3404,"2015-11-29",1114,"8193","6","5","7","0","0",,"0","00C","-","N",,0,0,,,0,,,,"Y",2,"A","-",22350,,"N","A","H","-","A","A","0","Y","A","07",0,0,1,0,0,0,0,0,0,"-","-","SACRAMENTO","SACRAMENTO","CA",0,0
"7128289",-121.4883432,38.617635,2015,"3404","0","2","4","03",0,1,"A",,,,,,2400,11,"E","I","A","FAIRWEATHER DR","MENDEL WY",0,,"Y","2015-12-07",3404,"2015-11-03",2317,"602","1","5","7","0","0",,"0","00C","-","N",,0,0,,,0,,,,"Y",1,"A","-",22350,,"M","A","H","-","C","A","0","Y","A","01",0,0,1,0,0,0,0,0,0,"-","-","SACRAMENTO","SACRAMENTO","CA",0,0
"7128277",-121.4456707,38.4743462,2015,"3404","0","1","4","03",0,1,"A",,,,,,1800,11,"C","C","A","MACK RD","TANGERINE AV",267,"E","N","2015-12-07",3404,"2015-11-30",1750,"8167",,"5","7","0","0",,"0","05B","-","N",,0,0,,,0,,,,"Y",3,"A","-",22350,,"F","A","H","-","C","D","0","Y","A","01",0,0,1,0,0,0,0,0,0,"-","-","SACRAMENTO","SACRAMENTO","CA",0,0
"7128269",-121.4903532,38.580675,2015,"3404","0","1","4","12",0,1,"A",,,,,,1200,11,"D","C","A","12TH ST","I ST",0,,"Y","2015-12-07",3404,"2015-11-30",952,"8193","3","5","7","0","0",,"0","00M","-","N",,0,0,,,0,,,,"Y",2,"A","-",21453,"A","N","A","H","-","A","A","0","Y","A","01",0,0,1,0,0,0,0,0,0,"-","-","SACRAMENTO","SACRAMENTO","CA",0,0
"7128265",-121.4835232,38.575215,2015,"3404","0","1","4","12",0,1,"A",,,,,,1500,11,"D","C","A","L ST","18TH ST",0,,"Y","2015-12-07",3404,"2015-11-30",1214,"8193","3","5","7","0","0",,"0","00B","-","N",,0,0,,,0,,,,"Y",2,"A","-",22450,,"N","A","H","-","A","A","0","Y","A","01",0,0,1,0,0,0,0,0,0,"-","-","SACRAMENTO","SACRAMENTO","CA",0,0
"7128173",-121.4445829,38.5672806,2015,"3404","0","2","4","03",0,2,"A",,,,,,1800,12,"C","-","A","J ST","BEAR FLAG WY",30,"W","N","2015-12-10",3404,"2015-12-01",1651,"8162","6","5","7","0","0",,"0","06D","-","N",,0,0,,,0,,,,"Y",3,"A","-",22350,,"F","A","H","-","C","D","0","Y","A","01",0,0,2,0,0,0,0,0,0,"-","-","SACRAMENTO","SACRAMENTO","CA",0,0
"7128159",-121.4823781,38.5773797,2015,"3404","0","7","4","00",0,1,"A",,,,,,300,11,"C","C","A","J ST","18TH ST",50,"E","N","2015-12-07",3404,"2015-11-15",4,"0378","3","5","7","0","0",,"0","00B","-","N",,0,0,,,0,,,,"N",3,"A","-",20001,,"F","A","H","-","C","A","0","Y","A","01",0,0,1,0,0,0,0,0,0,"-","-","SACRAMENTO","SACRAMENTO","CA",0,0
"7128155",-121.4370923,38.5130569,2015,"3404","0","5","4","08",0,1,"A",,,,,,1200,11,"B","C","A","STOCKTON BL","DIAS AV",288,"N","N","2015-12-07",3404,"2015-11-20",1048,"0667","6","5","7","0","0",,"0","06B","-","N",,0,0,,,0,,,,"N",2,"A","-",22100,"A","N","A","H","-","A","D","0","Y","A","07",0,0,1,0,0,0,0,0,0,"-","-","SACRAMENTO","SACRAMENTO","CA",0,0
"7128147",-121.5043493,38.6376817,2015,"3404","0","1","3","07",0,1,"A",,,,,,1800,11,"D","C","A","TRUXEL RD","GATEWAY PARK BL",120,"N","N","2015-12-07",3404,"2015-11-23",1544,"8191","SACRA","5","7","0","0",,"0","01A","-","N",,0,0,,,0,,,,"Y",2,"A","-",21658,"A","N","A","H","-","A","D","0","Y","A","01",0,1,0,0,0,0,0,0,0,"-","-","SACRAMENTO","SACRAMENTO","CA",0,0
"7128143",-121.4461932,38.6170586,2015,"3404","0","1","2","09",0,1,"A",,"Y",,,"Y",2100,11,"G","G","A","RIO LINDA BL","EDGEWOOD AV",6,"S","N","2015-12-07",3404,"2015-11-23",1853,"8191","SACRA","5","7","0","0",,"0","02B","-","N",,0,0,,,0,,,,"N",2,"A","-",21804,"A","N","A","H","-","D","D","0","Y","L","04",1,0,0,0,0,0,1,0,0,"-","-","SACRAMENTO","SACRAMENTO","CA",0,0
"7128139",-121.480933,38.5708251,2015,"3404","0","6","4","09",0,2,"A",,,,,,300,11,"D","C","A","21ST ST","O ST",0,,"Y","2015-12-07",3404,"2015-11-21",244,"0923",,"5","7","0","0",,"0","03B","-","N",,0,0,,,0,,,,"N",2,"A","-",21804,"A","M","A","H","-","C","A","0","Y","A","01",0,0,2,0,0,0,0,0,0,"-","-","SACRAMENTO","SACRAMENTO","CA",0,0
"7128135",-121.5103331,38.6112951,2015,"3404","0","6","3","03",0,1,"A",,,,,,1800,11,"E","I","A","WEST EL CAMINO AV","RT 5",45,"W","N","2017-02-04",3404,"2015-11-21",1509,"8191","SACRA","5","7","0","0",,"0","01B","-","Y","SAC",3,5,"-","-",25.777,"R","4","N","Y",1,"A","-",22350,,"N","A","H","-","A","A","0","Y","A","07",0,1,0,0,0,0,0,0,0,"-","NF","SACRAMENTO","SACRAMENTO","CA",0,0
"7128131",-121.488203,38.5678151,2015,"3404","0","5","4","11",0,2,"A","Y",,,,"Y",1800,11,"G","B","D","S ST","17TH ST",0,,"Y","2015-12-07",3404,"2015-11-20",1733,"533","SACRA","5","7","0","0",,"0","03A","-","N",,0,0,,,0,,,,"Y",3,"A","-",21950,"B","N","A","H","-","C","D","0","Y","-","-",0,0,2,0,2,0,0,0,0,"-","-","SACRAMENTO","SACRAMENTO","CA",0,0
"7128115",0,0,2015,"3404","0","5","4","03",0,3,"A",,,,,,1800,11,"-","C","A","BRUCEVILLE RD","KAISER EAST RD",10,"S","N","2015-12-07",3404,"2015-11-20",1511,"580","5","5","7","0","0",,"0","00C","-","N",,0,0,,,0,,,,"N",2,"A","-",22350,,"N","A","-","-","A","-","0","Y","A","01",0,0,3,0,0,0,0,0,0,"-","-","SACRAMENTO","SACRAMENTO","CA",0,0
"7128111",-121.4358731,38.510495,2015,"3404","0","4","4","12",0,3,"A",,,,,,300,11,"D","C","A","STOCKTON BL","ELDER CREEK RD",0,,"Y","2015-12-16",3404,"2015-11-26",19,"0203",,"5","7","0","0",,"0","06C","-","N",,0,0,,,0,,,,"Y",2,"A","-",21453,"A","N","A","H","-","C","A","0","Y","-","-",0,0,3,0,0,0,0,0,0,"-","-","SACRAMENTO","SACRAMENTO","CA",0,0
"7128107",-121.4616534,38.5445655,2015,"3404","0","4","4","00",0,1,"A",,,,,,1200,11,"C","D","A","8TH AV","SAN CARLOS WY",60,"E","N","2015-12-07",3404,"2015-11-26",1008,"8207","6","5","7","0","0",,"0","00A","-","N",,0,0,,,0,,,,"Y",2,"A","-",22350,"A","M","A","H","-","A","D","0","Y","A","01",0,0,1,0,0,0,0,0,0,"-","-","SACRAMENTO","SACRAMENTO","CA",0,0
"7127989",0,0,2015,"3401","0","4","3","18",0,1,"A",,,,,,1500,8,"A","H","A","FOLSOM-AUBURN RD","OAK AVENUE PKWY",50,"S","N","2015-12-02",3401,"2015-08-20",1200,"180",,"5","5","0","0",,"0",,"-","N",,0,0,,,0,,,,"Y",1,"C","-",0,,"N","A","H","-","A","D","0","Y","-","-",0,1,0,0,0,0,0,0,0,"-","-","FOLSOM","SACRAMENTO","CA",0,0
"7127821",-121.4296132,38.569235,2015,"3404","0","6","4","-",0,1,"A",,,,,,1200,11,"D","C","A","CARLSON DR","SANDBURG DR",0,,"Y","2016-02-06",3404,"2015-11-07",1134,"0865","SACRA","5","7","0","0",,"0","06E","-","N",,0,0,,,0,,,,"Y",2,"-","-",0,,"N","A","H","-","A","D","0","Y","-","-",0,0,1,0,0,0,0,0,0,"-","-","SACRAMENTO","SACRAMENTO","CA",0,0
"7127722",-121.2750148,38.6783797,2015,"3496","0","1","4","08",0,1,"B",,,,,,2100,11,"B","C","A","GREENBACK LN","BIRDCAGE ST",288,"E","N","2015-12-03",3496,"2015-11-02",1955,"167",,"5","5","0","0",,"0",,"-","N",,0,0,,,0,,,,"Y",2,"A","-",22107,,"N","A","H","-","C","D","0","Y","A","01",0,0,1,0,0,0,0,0,0,"-","-","CITRUS HEIGHTS","SACRAMENTO","CA",0,0
"7127718",-121.2622131,38.672355,2015,"3496","0","5","4","09",0,1,"A",,,,,,1800,11,"B","C","A","FAIR OAKS BL","SUNRISE EAST WY",0,,"Y","2015-12-03",3496,"2015-11-06",1523,"323","3496","5","5","0","0",,"0","003","-","N",,0,0,,,0,,,,"Y",2,"A","-",21453,"B","F","A","H","-","A","A","0","Y","-","-",0,0,1,0,0,0,0,0,0,"-","-","CITRUS HEIGHTS","SACRAMENTO","CA",0,0