"CASEID","POINT_X","POINT_Y","YEAR_","LOCATION","CHPTYPE","DAYWEEK","CRASHSEV","VIOLCAT","KILLED","INJURED","WEATHER1","PEDCOL","BICCOL","MCCOL","TRUCKCOL","ETOH","TIMECAT","MONTH_","CRASHTYP","INVOLVE","PED","PRIMARYRD","SECONDRD","DISTANCE","DIRECT","INTERSECT_","PROCDATE","JURIS","DATE_","TIME_","BADGE","JURIDIST","SHIFT","POP","SPECIAL","BEATTYPE","LAPDDIV","BEATCLAS","BEATNUMB","WEATHER2","STATEHW","CALTRANC","CALTRAND","STROUTE","ROUTESUF","POSTPRE","POSTMILE","LOCATYPE","RAMP","SIDEHW","TOWAWAY","PARTIES","PCF","VIOLCODE","VIOL","VIOLSUB","HITRUN","ROADSURF","RDCOND1","RDCOND2","LIGHTING","RIGHTWAY","CHPRDTYP","NOTPRIV","STFAULT","CHPFAULT","SEVINJ","OTHERINJ","COP","PEDKILL","PEDINJ","BICKILL","BICINJ","MCKILL","MCINJURE","RAMP1","RAMP2","CITY","COUNTY","STATE","X_CHP","Y_CHP"
"7022790",0,0,2015,"3450","0","1","4","18",0,1,"A",,,,,,1800,8,"E","I","A","POWER INN RD","GENEVA POINTE DR",0,,"Y","2015-08-21",340,"2015-08-03",1750,"10076","3102","5","5","0","0",,"0","003","-","N",,0,0,,,0,,,,"Y",1,"C","-",0,,"N","A","H","-","A","D","0","Y","-","-",0,0,1,0,0,0,0,0,0,"-","-","ELK GROVE","SACRAMENTO","CA",0,0
"7022771",-121.4597431,38.5102651,2015,"3400","3","5","2","03",0,1,"A",,,"Y",,,900,7,"C","C","A","RT 99","47TH AV",400,"S","N","2017-01-13",9252,"2015-07-24",720,"018155",,"1","9","0","1",,"2","192","-","Y","SAC",3,99,"-","-",20.78,"H","-","N","Y",3,"A","-",22350,,"N","A","H","-","A","D","1","Y","C","02",1,0,0,0,0,0,0,0,1,"-","-","UNINCORPORATED","SACRAMENTO","CA",-121.45546,38.50526
"7022767",-121.4820057,38.5605205,2015,"3404","2","3","4","03",0,2,"A",,,,,,1200,7,"C","C","A","RT 50","24TH ST",30,"E","N","2017-01-23",9252,"2015-07-22",1058,"014512",,"1","7","0","1",,"2","150","-","Y","SAC",3,50,"-","L",2.06,"H","-","E","Y",2,"A","-",22350,,"N","A","H","-","A","D","1","Y","A","01",0,0,2,0,0,0,0,0,0,"-","-","SACRAMENTO","SACRAMENTO","CA",-121.48095,38.56017
"7022763",-121.717428,38.0816378,2015,"3400","3","5","4","08",0,1,"A",,,,,,2100,7,"E","I","A","RT 160","RT 12",528,"N","N","2017-01-13",9252,"2015-07-24",2025,"018893",,"2","9","0","1",,"2","162","-","Y","SAC",3,160,"-","R",0.1,"H","-","S","Y",1,"A","-",22107,,"N","A","H","-","B","D","0","Y","A","07",0,0,1,0,0,0,0,0,0,"-","-","UNINCORPORATED","SACRAMENTO","CA",-121.66885,38.16983
"7022759",-121.4687419,38.526763,2015,"3404","3","4","4","03",0,2,"A",,,,,,2100,7,"C","C","A","RT 99","FRUITRIDGE RD",500,"N","N","2017-01-13",9252,"2015-07-23",1800,"19071",,"2","7","0","1",,"2","192","-","Y","SAC",3,99,"-","-",22.03,"H","-","S","N",4,"A","-",22350,,"N","A","H","-","A","D","1","Y","A","01",0,0,2,0,0,0,0,0,0,"-","-","SACRAMENTO","SACRAMENTO","CA",0,0
"7022755",-121.4600731,38.5102751,2015,"3400","3","5","4","03",0,1,"A",,,,,,2400,7,"A","I","A","RT 99","47TH AV",620,"S","N","2017-01-13",9252,"2015-07-31",2313,"019252",,"3","9","0","1",,"2","192","-","Y","SAC",3,99,"-","-",20.826,"R","2","S","Y",1,"A","-",22350,,"N","A","H","-","C","D","1","Y","A","01",0,0,1,0,0,0,0,0,0,"-","-","UNINCORPORATED","SACRAMENTO","CA",-121.45956,38.50867
"7022741",-121.467304,38.5600581,2015,"3404","2","2","4","03",0,1,"A",,,,,,1800,8,"C","C","A","RT 50","34TH ST",90,"W","N","2017-01-23",9252,"2015-08-04",1555,"015718",,"2","7","0","1",,"2","151","-","Y","SAC",3,50,"-","R",0.36,"H","-","W","Y",3,"A","-",22350,,"N","A","H","-","A","D","1","Y","A","01",0,0,1,0,0,0,0,0,0,"-","-","SACRAMENTO","SACRAMENTO","CA",0,0
"7022737",-121.4671425,38.5601015,2015,"3404","2","2","4","03",0,1,"A",,,,,,1800,8,"C","C","A","RT 50","34TH ST",70,"W","N","2017-01-23",9252,"2015-08-04",1650,"015718",,"2","7","0","1",,"2","151","-","Y","SAC",3,50,"-","R",0.37,"H","-","W","Y",3,"A","-",22350,,"N","A","H","-","A","D","1","Y","A","07",0,0,1,0,0,0,0,0,0,"-","-","SACRAMENTO","SACRAMENTO","CA",0,0
"7022184",-121.2264329,38.6640193,2015,"3400","4","1","3","07",0,1,"A",,,"Y",,,900,7,"C","C","A","MADISON AV","HAZEL AV",200,"W","N","2015-08-19",9260,"2015-07-27",820,"018691",,"1","9","0","2",,"2","304","-","N",,0,0,,,0,,,,"Y",2,"A","-",21658,"A","N","A","H","-","A","D","0","Y","A","08",0,1,0,0,0,0,0,0,1,"-","-","UNINCORPORATED","SACRAMENTO","CA",0,0
"7022180",-121.2722612,38.6446539,2015,"3400","4","6","4","03",0,1,"A",,,,,,2400,7,"C","C","A","SUNRISE BL","WINDING WY",30,"S","N","2015-08-19",9260,"2015-07-25",2230,"016328",,"3","9","0","2",,"2","301","-","N",,0,0,,,0,,,,"N",3,"A","-",22350,,"N","A","H","-","C","A","0","Y","A","01",0,0,1,0,0,0,0,0,0,"-","-","UNINCORPORATED","SACRAMENTO","CA",0,0
"7022121",-121.70608,38.0926726,2015,"3400","3","4","3","08",0,1,"A",,,"Y",,,2400,7,"E","I","A","RT 160","RT 12",9240,"N","N","2017-01-13",9252,"2015-07-16",2135,"18407",,"2","9","0","1",,"2","162","-","Y","SAC",3,160,"-","-",1.75,"H","-","S","Y",1,"A","-",22107,,"N","A","H","-","D","D","0","Y","C","02",0,1,0,0,0,0,0,0,1,"-","-","UNINCORPORATED","SACRAMENTO","CA",-121.65868,38.17464
"7022117",-121.4519455,38.5018674,2015,"3400","3","5","4","22",0,1,"A",,,"Y",,,900,7,"F","A","A","RT 99","FLORIN RD",2640,"N","N","2017-01-14",9252,"2015-07-17",740,"17869",,"1","9","0","1",,"2","192","-","Y","SAC",3,99,"-","-",20.11,"H","-","N","Y",1,"B","-",0,,"N","A","H","-","A","D","1","Y","C","02",0,0,1,0,0,0,0,0,1,"-","-","UNINCORPORATED","SACRAMENTO","CA",-121.46,38.51
"7022113",-121.4685455,38.57049,2015,"3404","3","1","3","03",0,1,"B",,,"Y",,,1500,7,"F","A","A","RT 51","CAPITOL AV",170,"N","N","2017-01-13",9252,"2015-07-20",1330,"13732",,"1","7","0","1",,"2","193","-","Y","SAC",3,51,"-","-",0.84,"H","-","S","Y",2,"A","-",22350,,"N","A","H","-","A","D","1","Y","C","02",0,1,0,0,0,0,0,0,1,"-","-","SACRAMENTO","SACRAMENTO","CA",-121.46866,38.57041
"7022109",0,0,2015,"3404","3","2","4","03",0,1,"B",,,,,,1200,7,"C","C","A","RT 51","N ST",200,"S","N","2017-01-12",9252,"2015-07-21",915,"17325",,"1","7","0","1",,"2","193","-","Y","SAC",3,51,"-","-",111.53,"H","-","N","Y",2,"A","-",22350,,"N","A","H","-","A","D","0","Y","A","07",0,0,1,0,0,0,0,0,0,"-","-","SACRAMENTO","SACRAMENTO","CA",-121.78502,38.75917
"7022105",-121.4672125,38.5243689,2015,"3400","3","2","4","03",0,1,"A",,,,,,1500,7,"C","C","A","RT 99","FRUITRIDGE RD",500,"S","N","2017-01-13",9252,"2015-07-21",1455,"18167",,"2","9","0","1",,"2","192","-","Y","SAC",3,99,"-","-",21.85,"H","-","N","Y",2,"A","-",22350,,"N","A","H","-","A","D","1","Y","A","07",0,0,1,0,0,0,0,0,0,"-","-","UNINCORPORATED","SACRAMENTO","CA",-121.46684,38.52357
"7022101",-121.4298012,38.5510824,2015,"3404","2","2","4","03",0,1,"A",,,,,,1500,7,"C","C","A","RT 50","65TH ST",250,"W","N","2017-01-23",9252,"2015-07-21",1450,"17293",,"2","7","0","1",,"2","151","-","Y","SAC",3,50,"-","R",2.58,"H","-","W","N",2,"A","-",22350,,"N","A","H","-","A","D","1","Y","A","01",0,0,1,0,0,0,0,0,0,"-","-","SACRAMENTO","SACRAMENTO","CA",-121.43048,38.55144
"7022097",-121.3947429,38.4219714,2015,"3450","3","1","4","03",0,2,"A",,,,,,2100,7,"C","C","A","RT 99","LAGUNA BL",150,"S","N","2017-01-14",9252,"2015-07-06",2020,"15006",,"2","5","0","1",,"2","191","-","Y","SAC",3,99,"-","-",13.81,"H","-","S","Y",3,"A","-",22350,,"N","A","H","-","B","D","1","Y","A","01",0,0,2,0,0,0,0,0,0,"-","-","ELK GROVE","SACRAMENTO","CA",-121.38721,38.42131
"7022093",-121.4598727,38.5105144,2015,"3404","3","1","4","07",0,2,"A",,,,,,1500,7,"C","C","A","RT 99","47TH AV",200,"N","N","2017-01-13",9252,"2015-07-13",1233,"17325",,"1","7","0","1",,"2","192","-","Y","SAC",3,99,"-","-",20.9,"H","-","N","N",2,"A","-",21658,"A","N","A","H","-","A","D","1","Y","A","01",0,0,2,0,0,0,0,0,0,"-","-","SACRAMENTO","SACRAMENTO","CA",-121.78502,38.85011
"7022072",-121.1976231,38.6397251,2015,"3400","2","1","3","08",0,1,"A",,,"Y",,,2100,7,"F","A","A","RT 50","FOLSOM BL",25,"W","N","2017-01-23",9260,"2015-07-20",1830,"013664",,"2","9","0","1",,"2","502","-","Y","SAC",3,50,"-","-",16.913,"R","2","E","N",1,"A","-",22107,,"N","A","H","-","A","D","1","Y","C","02",0,1,0,0,0,0,0,0,1,"FR","-","UNINCORPORATED","SACRAMENTO","CA",0,0
"7022030",-121.4738039,38.546753,2015,"3404","3","6","2","07",0,1,"A",,,"Y",,,1800,7,"C","C","A","RT 50","BROADWAY",450,"N","N","2017-01-23",9252,"2015-07-18",1655,"019071",,"2","7","0","1",,"2","192","-","Y","SAC",3,99,"-","-",23.914,"R","2","N","Y",2,"A","-",21658,"A","N","A","H","-","A","D","1","Y","A","01",1,0,0,0,0,0,0,0,1,"-","-","SACRAMENTO","SACRAMENTO","CA",-121.47259,38.55754
"7022026",-121.5010499,38.5658957,2015,"3404","2","7","4","03",0,2,"A",,,,,,1500,7,"C","C","A","RT 50","9TH ST",50,"W","N","2017-01-23",9252,"2015-07-19",1410,"018723",,"2","7","0","1",,"2","150","-","Y","SAC",3,50,"-","L",0.92,"H","-","W","N",3,"A","-",22350,,"N","A","H","-","A","D","1","Y","A","01",0,0,2,0,0,0,0,0,0,"-","-","SACRAMENTO","SACRAMENTO","CA",-121.5012,38.5659
"7022022",-121.4704027,38.5593075,2015,"3404","2","1","4","03",0,2,"A",,,,,,1800,7,"C","C","A","RT 50","ALHAMBRA BL",200,"E","N","2017-01-23",9252,"2015-07-27",1635,"018723",,"2","7","0","1",,"2","151","-","Y","SAC",3,50,"-","R",0.17,"H","-","W","Y",3,"A","-",22350,,"N","A","H","-","A","D","1","Y","A","01",0,0,2,0,0,0,0,0,0,"-","-","SACRAMENTO","SACRAMENTO","CA",-121.469,38.5595
"7022018",-121.4153931,38.4665951,2015,"3400","3","5","2","03",0,1,"A",,,"Y",,,2100,7,"C","C","A","RT 99","MACK RD",3168,"S","N","2017-01-13",9252,"2015-07-10",2025,"018317",,"2","9","0","1",,"2","191","-","Y","SAC",3,99,"-","-",17.06,"H","-","S","Y",2,"A","-",22350,,"N","A","H","-","B","D","1","Y","C","02",1,0,0,0,0,0,0,0,1,"-","-","UNINCORPORATED","SACRAMENTO","CA",-121.94564,38.4583
"7022014",-121.4664731,38.5224651,2015,"3404","3","6","2","01",0,1,"A",,,,,"Y",1800,7,"E","I","A","RT 99","FRUITRIDGE RD",75,"S","N","2017-01-13",9252,"2015-07-11",1725,"19071",,"2","7","0","1",,"2","192","-","Y","SAC",3,99,"-","-",21.832,"R","2","S","Y",1,"A","-",23152,"A","N","A","H","-","A","D","1","Y","A","07",1,0,0,0,0,0,0,0,0,"-","-","SACRAMENTO","SACRAMENTO","CA",-121.46939,38.53441
"7022010",-121.4600731,38.5102751,2015,"3400","3","3","4","08",0,2,"A",,,,,,900,7,"F","A","A","RT 99","47TH AV",250,"S","N","2017-01-13",9252,"2015-07-15",708,"017869",,"1","9","0","1",,"2","192","-","Y","SAC",3,99,"-","-",20.826,"R","2","S","Y",1,"A","-",22107,,"N","A","H","-","A","D","1","Y","A","01",0,0,2,0,0,0,0,0,0,"-","-","UNINCORPORATED","SACRAMENTO","CA",-121.46,38.51
"7022007",-121.2253726,38.6263386,2015,"3400","2","3","4","03",0,3,"A",,,,,,1800,7,"C","C","A","RT 50","HAZEL AV",2112,"W","N","2017-01-23",9260,"2015-07-29",1735,"012718",,"2","9","0","1",,"2","502","-","Y","SAC",3,50,"-","-",15.36,"H","-","E","Y",4,"A","-",22350,,"N","A","H","-","A","D","1","Y","A","07",0,0,3,0,0,0,0,0,0,"-","-","UNINCORPORATED","SACRAMENTO","CA",0,0
"7022003",-121.2155569,38.6315569,2015,"3400","2","3","4","07",0,1,"A",,,,,,2100,7,"B","C","A","RT 50","AEROJET RD",1056,"W","N","2017-01-23",9260,"2015-07-29",1933,"013761",,"2","9","0","1",,"2","502","-","Y","SAC",3,50,"-","-",15.9,"H","-","E","Y",2,"A","-",21658,"A","N","A","H","-","A","D","1","Y","A","01",0,0,1,0,0,0,0,0,0,"-","-","UNINCORPORATED","SACRAMENTO","CA",-121.12493,38.37574
"7021911",-121.456944,38.6441155,2015,"3404","0","1","4","03",0,4,"A",,,,,,1800,8,"C","C","A","NORWOOD AV","JESSIE AV",22,"N","N","2015-08-25",3404,"2015-08-03",1557,"8205","2","5","7","0","0",,"0","00A","-","N",,0,0,,,0,,,,"N",4,"A","-",22350,,"N","A","H","-","A","A","0","Y","A","01",0,0,4,0,0,0,0,0,0,"-","-","SACRAMENTO","SACRAMENTO","CA",0,0
"7021907",-121.4569576,38.6471459,2015,"3404","0","6","3","09",0,1,"A",,"Y",,,,1500,8,"-","G","A","NORWOOD AV","BELL AV",200,"S","N","2015-08-24",3404,"2015-08-01",1205,"0230","2","5","7","0","0",,"0","02A","-","N",,0,0,,,0,,,,"N",2,"A","-",21804,"B","N","A","H","-","A","D","0","Y","L","04",0,1,0,0,0,0,1,0,0,"-","-","SACRAMENTO","SACRAMENTO","CA",0,0
"7021903",-121.4755632,38.6157572,2015,"3404","0","6","3","03",0,3,"A",,,"Y",,,2100,8,"C","C","A","NORTHGATE BL","HAGGIN AV",32,"S","N","2015-09-04",3404,"2015-08-01",1813,"0379","1","5","7","0","0",,"0","00C","-","N",,0,0,,,0,,,,"Y",2,"A","-",22350,,"N","A","H","-","A","A","0","Y","C","02",0,1,2,0,0,0,0,0,1,"-","-","SACRAMENTO","SACRAMENTO","CA",0,0
"7021848",-121.4641431,38.578585,2015,"3404","0","7","4","12",0,1,"A",,,,,,2100,8,"D","C","A","E ST","30TH ST",0,,"Y","2015-08-25",3404,"2015-08-02",1838,"8162","6","5","7","0","0",,"0","06D","-","N",,0,0,,,0,,,,"Y",2,"A","-",21453,"A","N","A","H","-","A","A","0","Y","A","01",0,0,1,0,0,0,0,0,0,"-","-","SACRAMENTO","SACRAMENTO","CA",0,0
"7021844",0,0,2015,"3404","0","7","3","03",0,3,"A",,,,,,1800,8,"E","I","A","EL CAMINO AV","49 EL CAMINO AV",0,,"Y","2015-08-24",3404,"2015-08-02",1505,"0674","2","5","7","0","0",,"0","00C","-","N",,0,0,,,0,,,,"Y",1,"A","-",22350,,"N","A","H","-","A","D","0","Y","A","07",0,1,2,0,0,0,0,0,0,"-","-","SACRAMENTO","SACRAMENTO","CA",0,0
"7021838",-121.455403,38.5403451,2015,"3404","0","5","4","09",0,2,"A",,,,,,1500,8,"D","C","A","44TH ST","13TH AV",0,,"Y","2015-08-27",3404,"2015-08-07",1223,"417",,"5","7","0","0",,"0",,"-","N",,0,0,,,0,,,,"N",2,"A","-",21802,"A","N","A","H","-","A","A","0","Y","A","01",0,0,2,0,0,0,0,0,0,"-","-","SACRAMENTO","SACRAMENTO","CA",0,0
"7021834",-121.418083,38.449745,2015,"3404","0","3","4","12",0,1,"A",,,,,,1200,8,"D","C","A","BRUCEVILLE RD","CALVINE RD",0,,"Y","2015-08-27",3404,"2015-08-05",1050,"260",,"5","7","0","0",,"0","05C","-","N",,0,0,,,0,,,,"Y",2,"A","-",21453,"A","N","A","H","-","A","A","0","Y","A","01",0,0,1,0,0,0,0,0,0,"-","-","SACRAMENTO","SACRAMENTO","CA",0,0
"7021796",-121.4812331,38.577065,2015,"3404","0","1","2","12",0,1,"A",,"Y",,,,900,8,"D","G","A","J ST","19TH ST",0,,"Y","2015-08-27",3404,"2015-08-03",754,"0407","3","5","7","0","0",,"0","00B","-","N",,0,0,,,0,,,,"N",2,"A","-",21453,"A","N","A","H","-","A","A","0","Y","L","04",1,0,0,0,0,0,1,0,0,"-","-","SACRAMENTO","SACRAMENTO","CA",0,0
"7021792",-121.4726949,38.5427951,2015,"3404","0","4","4","03",0,1,"A",,,,,"Y",2100,8,"B","E","A","10TH AV","32ND ST",180,"E","N","2015-08-27",3404,"2015-08-06",1815,"8191","6","5","7","0","0",,"0","00A","-","N",,0,0,,,0,,,,"Y",3,"A","-",22350,,"N","A","H","-","A","D","0","Y","A","01",0,0,1,0,0,0,0,0,0,"-","-","SACRAMENTO","SACRAMENTO","CA",0,0
"7021781",0,0,2015,"3404","0","3","4","08",0,1,"A",,,,,,1500,8,"D","F","A","MOBILE HOME PARK ROAD","DEL PASO BL",18,"W","N","2016-07-18",3404,"2015-08-05",1300,"0544",,"5","7","0","0",,"0","02C","-","N",,0,0,,,0,,,,"N",2,"A","-",22101,"D","N","A","H","-","A","A","0","Y","-",,0,0,1,0,0,0,0,0,0,"-","-","SACRAMENTO","SACRAMENTO","CA",0,0
"7021777",-121.4118231,38.525055,2015,"3404","0","4","4","12",0,2,"A",,,,,,1200,8,"D","C","A","FRUITRIDGE RD","79TH ST",0,,"Y","2015-09-21",3404,"2015-08-06",1013,"8168","6","5","7","0","0",,"0","00C","-","N",,0,0,,,0,,,,"Y",2,"A","-",21453,"A","N","A","H","-","A","A","0","Y","A","01",0,0,2,0,0,0,0,0,0,"-","-","SACRAMENTO","SACRAMENTO","CA",0,0
"7021775",-121.472533,38.528005,2015,"3404","0","6","3","09",0,2,"A",,,"Y",,,1500,8,"H","A","A","FRANKLIN BL","27TH AV",0,,"Y","2015-08-27",3404,"2015-08-01",1430,"661","4","5","7","0","0",,"0","00B","-","N",,0,0,,,0,,,,"N",2,"A","-",21801,"A","N","A","H","-","A","D","0","Y","A","08",0,2,0,0,0,0,0,0,2,"-","-","SACRAMENTO","SACRAMENTO","CA",0,0
"7021768",-121.4453808,38.4743418,2015,"3404","0","6","4","03",0,2,"A",,,,,,1500,8,"C","C","A","MACK RD","TANGERINE AV",350,"E","N","2015-08-27",3404,"2015-08-01",1301,"925","5","5","7","0","0",,"0","00B","-","N",,0,0,,,0,,,,"Y",2,"A","-",22350,,"N","A","H","-","A","A","0","Y","A","01",0,0,2,0,0,0,0,0,0,"-","-","SACRAMENTO","SACRAMENTO","CA",0,0
"7021764",0,0,2015,"3404","0","2","4","08",0,2,"A",,,,,,2400,8,"D","C","A","FRANKLIN BL","SHINING STAR DR",0,,"Y","2015-09-16",3404,"2015-08-04",2127,"0590","5","5","7","0","0",,"0","05B","-","N",,0,0,,,0,,,,"Y",2,"A","-",22107,,"N","A","H","-","C","A","0","Y","A","01",0,0,2,0,0,0,0,0,0,"-","-","SACRAMENTO","SACRAMENTO","CA",0,0
"7020917",-121.7612887,38.0724865,2015,"3400","5","7","2","03",0,1,"A",,,"Y",,,1200,7,"F","A","A","SHERMAN ISLAND RD","RT 160",10560,"W","N","2015-08-19",9252,"2015-07-19",1120,"018591",,"1","9","0","3",,"2","090","-","N",,0,0,,,0,,,,"N",1,"A","-",22350,,"N","A","H","-","A","D","0","Y","C","02",1,0,0,0,0,0,0,0,1,"-","-","UNINCORPORATED","SACRAMENTO","CA",0,0
"7020913",-121.3905731,38.4997451,2015,"3400","4","1","4","09",0,1,"A",,,,,,1200,7,"D","C","A","FLORIN PERKINS RD","WEYAND AV",0,,"Y","2015-08-19",9252,"2015-07-20",945,"018575",,"1","9","0","2",,"2","073","-","N",,0,0,,,0,,,,"Y",2,"A","-",21801,"A","N","A","H","-","A","D","0","Y","A","01",0,0,1,0,0,0,0,0,0,"-","-","UNINCORPORATED","SACRAMENTO","CA",0,0
"7020909",-121.4506531,38.510445,2015,"3400","4","3","4","12",0,1,"A",,,,,,900,7,"D","C","A","47TH AV","47TH ST",0,,"Y","2015-08-19",9252,"2015-07-22",820,"012149",,"1","9","0","2",,"1","071","-","N",,0,0,,,0,,,,"Y",2,"A","-",21453,"A","N","A","H","-","A","A","0","Y","A","01",0,0,1,0,0,0,0,0,0,"-","-","UNINCORPORATED","SACRAMENTO","CA",0,0
"7020905",-121.2470458,38.4074467,2015,"3400","5","4","2","08",0,1,"A",,,,,,2100,7,"F","A","A","DILLARD RD","SUNFLOWER RD",284,"W","N","2015-08-19",9252,"2015-07-23",1952,"018630",,"2","9","0","3",,"2","080","-","N",,0,0,,,0,,,,"Y",1,"A","-",22107,,"N","A","H","-","A","D","0","Y","A","01",1,0,0,0,0,0,0,0,0,"-","-","UNINCORPORATED","SACRAMENTO","CA",0,0
"7020901",-121.378103,38.4816451,2015,"3400","4","5","2","03",0,2,"A",,,,,,1800,7,"D","C","A","GERBER RD","SOUTHBREEZE DR",0,,"Y","2015-08-19",9252,"2015-07-24",1600,"018317",,"2","9","0","2",,"1","072","-","N",,0,0,,,0,,,,"Y",2,"A","-",22350,,"N","A","H","-","A","A","0","Y","A","01",1,0,1,0,0,0,0,0,0,"-","-","UNINCORPORATED","SACRAMENTO","CA",0,0
"7020885",-121.4646232,38.5213502,2015,"3400","4","5","4","09",0,2,"A",,,,,,2100,7,"D","C","A","MARTIN LUTHER KING JR BL","35TH AV",20,"S","N","2015-08-19",9252,"2015-07-24",2045,"018317",,"2","9","0","2",,"1","071","-","N",,0,0,,,0,,,,"Y",2,"A","-",21801,"A","N","A","H","-","C","D","0","Y","A","01",0,0,2,0,0,0,0,0,0,"-","-","UNINCORPORATED","SACRAMENTO","CA",0,0
"7020875",-121.4286223,38.5395262,2015,"3404","0","1","4","03",0,1,"A",,,,,,1800,7,"C","C","A","65TH ST","14TH AV",36,"S","N","2015-08-19",3404,"2015-07-27",1510,"8179","6","5","7","0","0",,"0","00C","-","N",,0,0,,,0,,,,"Y",2,"A","-",22350,,"N","A","H","-","A","A","0","Y","A","01",0,0,1,0,0,0,0,0,0,"-","-","SACRAMENTO","SACRAMENTO","CA",0,0
"7020871",-121.4647331,38.538485,2015,"3404","0","1","4","09",0,1,"A",,,,,,1800,7,"D","D","A","MARTIN LUTHER KING JR BL","15TH AV",0,,"Y","2015-08-19",3404,"2015-07-20",1540,"0916","6","5","7","0","0",,"0","00A","-","N",,0,0,,,0,,,,"Y",3,"A","-",21802,,"N","A","H","-","A","D","0","Y","A","01",0,0,1,0,0,0,0,0,0,"-","-","SACRAMENTO","SACRAMENTO","CA",0,0
"7020867",-121.3750231,38.5590851,2015,"3404","0","1","4","03",0,1,"A",,,,,,2100,7,"C","C","A","SOUTH WATT AV","RT 50",0,"N","N","2017-01-23",3404,"2015-07-27",1919,"0902","6","5","7","0","0",,"0","06E","-","Y","SAC",3,50,"-","R",5.518,"R","4","E","Y",3,"A","-",22350,,"N","A","H","-","A","A","0","Y","A","01",0,0,1,0,0,0,0,0,0,"-","-","SACRAMENTO","SACRAMENTO","CA",0,0
"7020863",-121.4768881,38.629622,2015,"3404","0","5","4","09",0,2,"A",,,,,,2400,7,"D","C","A","SAN JUAN RD","NORTHGATE BL",373,"W","N","2015-08-19",3404,"2015-07-31",2101,"4066","1","5","7","0","0",,"0","00C","-","N",,0,0,,,0,,,,"N",2,"A","-",21804,"A","N","A","H","-","C","D","0","Y","A","01",0,0,2,0,0,0,0,0,0,"-","-","SACRAMENTO","SACRAMENTO","CA",0,0
"7020468",0,0,2015,"3400","4","1","3","12",0,3,"A",,,,,,1500,7,"D","C","A","CALVIN RD","CLIFFCREST DR",0,,"Y","2015-08-18",9252,"2015-07-13",1300,"017258",,"1","9","0","2",,"2","073","-","N",,0,0,,,0,,,,"Y",2,"A","-",21453,"A","N","A","H","-","A","A","0","Y","A","07",0,1,2,0,0,0,0,0,0,"-","-","UNINCORPORATED","SACRAMENTO","CA",-121.39563,38.45297
"7020460",-121.4431083,38.5104851,2015,"3400","4","6","2","11",0,1,"A","Y",,,,"Y",300,7,"G","B","D","47TH AV","54TH ST",30,"E","N","2015-08-18",9252,"2015-07-18",50,"018716",,"3","9","0","2",,"1","071","-","N",,0,0,,,0,,,,"N",2,"A","-",21954,"A","N","A","H","-","C","D","0","Y","N","60",1,0,0,0,1,0,0,0,0,"-","-","UNINCORPORATED","SACRAMENTO","CA",-121.44303,38.51044
"7019919",-121.459843,38.556695,2015,"3404","0","3","4","21",0,1,"A",,,,,,1200,9,"C","C","A","STOCKTON BL","39TH ST",0,,"Y","2015-09-22",3404,"2015-09-09",1159,"8191","SACRA","5","7","0","0",,"0","06B","-","N",,0,0,,,0,,,,"N",2,"A","-",22106,,"N","A","H","-","A","A","0","Y","A","01",0,0,1,0,0,0,0,0,0,"-","-","SACRAMENTO","SACRAMENTO","CA",0,0
"7019852",0,0,2015,"3404","0","6","3","09",0,2,"A",,,,,,1500,8,"D","C","A","WEST EL CAMINO AV","W RIVER DR",0,,"Y","2015-09-22",3404,"2015-08-29",1240,"617",,"5","7","0","0",,"0","01B","-","N",,0,0,,,0,,,,"Y",2,"A","-",21801,"A","N","A","H","-","A","D","0","Y","J","48",0,1,1,0,0,0,0,0,0,"-","-","SACRAMENTO","SACRAMENTO","CA",0,0
"7019194",-121.3555232,38.6609148,2015,"3400","4","2","4","03",0,1,"A",,,,,,2100,7,"C","C","A","MADISON AV","DATE AV",100,"W","N","2015-08-20",9250,"2015-07-07",2000,"16225",,"2","9","0","2",,"1","024","-","N",,0,0,,,0,,,,"N",2,"A","-",22350,,"N","A","H","-","A","D","0","Y","A","07",0,0,1,0,0,0,0,0,0,"-","-","UNINCORPORATED","SACRAMENTO","CA",0,0
"7018401",-121.4308431,38.4337651,2015,"3450","0","7","3","08",0,1,"A",,,,,,1200,8,"A","I","A","BIG HORN BL","MOSSBURN WY",0,,"Y","2015-09-10",340,"2015-08-02",1147,"10364","2104","5","5","0","0",,"0","002","-","N",,0,0,,,0,,,,"Y",1,"A","-",22107,,"N","A","H","-","A","D","0","Y","A","01",0,1,0,0,0,0,0,0,0,"-","-","ELK GROVE","SACRAMENTO","CA",0,0